model,query_id,query,family,language,extra_docs,n_trials,pool_docs,top1_score_mean,top1_score_std,top10_mean_score_mean,top10_mean_score_std,iaea_priority_top10_mean,iaea_priority_top10_std,first_iaea_rank_mean,first_iaea_rank_std
sentence-transformers/paraphrase-multilingual-MiniLM-L12-v2,baseline_en_core,neutron,baseline,en,0,1,13.0,0.5592576265335083,,0.5306119918823242,,1.0,,1.0,
sentence-transformers/paraphrase-multilingual-MiniLM-L12-v2,baseline_en_core,neutron,baseline,en,5,10,18.0,0.6009291589260102,0.039305668304594164,0.5530634820461273,0.019251959822565976,0.58,0.35839146815241635,3.5,2.273030282830976
sentence-transformers/paraphrase-multilingual-MiniLM-L12-v2,baseline_en_core,neutron,baseline,en,10,10,23.0,0.6526921451091766,0.04024381685536182,0.6061173975467682,0.04119338631677983,0.14,0.27968235951204046,8.9,3.3482997343593826
sentence-transformers/paraphrase-multilingual-MiniLM-L12-v2,baseline_en_core,neutron,baseline,en,15,10,28.0,0.6587117910385132,0.02537587482977147,0.6181868016719818,0.03195506341900459,0.06000000000000001,0.12649110640673517,9.8,2.14993539954628
sentence-transformers/paraphrase-multilingual-MiniLM-L12-v2,baseline_en_core,neutron,baseline,en,20,10,33.0,0.6798439085483551,0.024948734038763774,0.6461182236671448,0.024445510551983123,0.0,0.0,11.0,0.0
sentence-transformers/paraphrase-multilingual-MiniLM-L12-v2,baseline_en_core,neutron,baseline,en,25,10,38.0,0.6734885811805725,0.02632849692842782,0.6426677763462066,0.025055052665985653,0.0,0.0,11.0,0.0
sentence-transformers/paraphrase-multilingual-MiniLM-L12-v2,baseline_en_core,neutron,baseline,en,30,10,43.0,0.6908954799175262,0.027723724254744557,0.6588851809501648,0.024628371552327704,0.0,0.0,11.0,0.0
sentence-transformers/paraphrase-multilingual-MiniLM-L12-v2,baseline_en_core,neutron,baseline,en,35,10,48.0,0.6832224369049072,0.0260920800726685,0.6532842516899109,0.021172194668455678,0.0,0.0,11.0,0.0
sentence-transformers/paraphrase-multilingual-MiniLM-L12-v2,baseline_en_core,neutron,baseline,en,40,10,53.0,0.6944439768791199,0.018951104888493147,0.664831954240799,0.01163725392127996,0.0,0.0,11.0,0.0
sentence-transformers/paraphrase-multilingual-MiniLM-L12-v2,baseline_en_core,neutron,baseline,en,45,10,58.0,0.7034332752227783,0.0,0.6707813441753387,0.00027890691889613663,0.0,0.0,11.0,0.0
sentence-transformers/paraphrase-multilingual-MiniLM-L12-v2,baseline_en_core,neutron,baseline,en,50,10,63.0,0.7034332752227783,0.0,0.6708926141262055,9.663699605276246e-05,0.0,0.0,11.0,0.0
sentence-transformers/paraphrase-multilingual-MiniLM-L12-v2,baseline_en_core,neutron,baseline,en,51,10,64.0,0.7034332752227783,0.0,0.6709231734275818,0.0,0.0,0.0,11.0,0.0
sentence-transformers/paraphrase-multilingual-MiniLM-L12-v2,baseline_en_phrase,neutron measurement current,baseline,en,0,1,13.0,0.6637327671051025,,0.6276631951332092,,1.0,,1.0,
sentence-transformers/paraphrase-multilingual-MiniLM-L12-v2,baseline_en_phrase,neutron measurement current,baseline,en,5,10,18.0,0.6942949891090393,0.028987385140414233,0.6471677601337433,0.014162326060784495,0.61,0.2183269719175042,2.6,1.9550504398153574
sentence-transformers/paraphrase-multilingual-MiniLM-L12-v2,baseline_en_phrase,neutron measurement current,baseline,en,10,10,23.0,0.6991942405700684,0.030040234260373926,0.6528054296970367,0.011180423651861527,0.52,0.12292725943057184,2.8,1.4757295747452437
sentence-transformers/paraphrase-multilingual-MiniLM-L12-v2,baseline_en_phrase,neutron measurement current,baseline,en,15,10,28.0,0.706822806596756,0.0288225332310938,0.6565214455127716,0.010863832289831347,0.39,0.23309511649396117,3.3,1.5670212364724212
sentence-transformers/paraphrase-multilingual-MiniLM-L12-v2,baseline_en_phrase,neutron measurement current,baseline,en,20,10,33.0,0.7149561226367951,0.019135528326557495,0.670961856842041,0.012584939490531499,0.2,0.14907119849998596,6.0,2.5385910352879693
sentence-transformers/paraphrase-multilingual-MiniLM-L12-v2,baseline_en_phrase,neutron measurement current,baseline,en,25,10,38.0,0.7152802407741546,0.014088913671351464,0.6691517114639283,0.008984578096374032,0.16,0.107496769977314,5.4,1.8973665961010275
sentence-transformers/paraphrase-multilingual-MiniLM-L12-v2,baseline_en_phrase,neutron measurement current,baseline,en,30,10,43.0,0.7208991587162018,0.015609636995584665,0.676798838376999,0.007002344062307168,0.12000000000000002,0.06324555320336758,7.5,1.5092308563562362
sentence-transformers/paraphrase-multilingual-MiniLM-L12-v2,baseline_en_phrase,neutron measurement current,baseline,en,35,10,48.0,0.727178567647934,0.013654702626700333,0.680199021100998,0.007628797165917865,0.07,0.04830458915396481,8.1,2.2335820757001272
sentence-transformers/paraphrase-multilingual-MiniLM-L12-v2,baseline_en_phrase,neutron measurement current,baseline,en,40,10,53.0,0.7269815146923065,0.013982277286762443,0.6860972166061401,0.006006856197998033,0.05,0.052704627669472995,9.8,1.6193277068654823
sentence-transformers/paraphrase-multilingual-MiniLM-L12-v2,baseline_en_phrase,neutron measurement current,baseline,en,45,10,58.0,0.7356589436531067,0.0,0.6905967712402343,0.0017834504192625516,0.01,0.03162277660168379,10.9,0.316227766016838
sentence-transformers/paraphrase-multilingual-MiniLM-L12-v2,baseline_en_phrase,neutron measurement current,baseline,en,50,10,63.0,0.7356589436531067,0.0,0.6903344929218292,0.0024723528167253745,0.01,0.03162277660168379,10.8,0.632455532033676
sentence-transformers/paraphrase-multilingual-MiniLM-L12-v2,baseline_en_phrase,neutron measurement current,baseline,en,51,10,64.0,0.7356589436531067,0.0,0.6914354562759399,0.0,0.0,0.0,11.0,0.0
sentence-transformers/paraphrase-multilingual-MiniLM-L12-v2,baseline_zh_core,中子,baseline,zh,0,1,13.0,0.4699205756187439,,0.3883191645145416,,1.0,,1.0,
sentence-transformers/paraphrase-multilingual-MiniLM-L12-v2,baseline_zh_core,中子,baseline,zh,5,10,18.0,0.4699205756187439,0.0,0.4034308731555939,0.016241469207534054,0.6799999999999999,0.2440400695696417,1.0,0.0
sentence-transformers/paraphrase-multilingual-MiniLM-L12-v2,baseline_zh_core,中子,baseline,zh,10,10,23.0,0.4699205756187439,0.0,0.40214320421218874,0.014554737029209576,0.7,0.24037008503093266,1.0,0.0
sentence-transformers/paraphrase-multilingual-MiniLM-L12-v2,baseline_zh_core,中子,baseline,zh,15,10,28.0,0.4699205756187439,0.0,0.4228357285261154,0.01186660670527418,0.4,0.12472191289246473,1.0,0.0
sentence-transformers/paraphrase-multilingual-MiniLM-L12-v2,baseline_zh_core,中子,baseline,zh,20,10,33.0,0.4699205756187439,0.0,0.42510882019996643,0.012933732467303035,0.41000000000000003,0.14491376746189444,1.0,0.0
sentence-transformers/paraphrase-multilingual-MiniLM-L12-v2,baseline_zh_core,中子,baseline,zh,25,10,38.0,0.4699205756187439,0.0,0.4293906658887863,0.008062408393650087,0.35,0.05270462766947301,1.0,0.0
sentence-transformers/paraphrase-multilingual-MiniLM-L12-v2,baseline_zh_core,中子,baseline,zh,30,10,43.0,0.4699205756187439,0.0,0.4265842854976654,0.012611851939905112,0.38,0.10327955589886445,1.0,0.0
sentence-transformers/paraphrase-multilingual-MiniLM-L12-v2,baseline_zh_core,中子,baseline,zh,35,10,48.0,0.4699205756187439,0.0,0.4327582001686096,0.009505931797452249,0.32999999999999996,0.0674948557710553,1.0,0.0
sentence-transformers/paraphrase-multilingual-MiniLM-L12-v2,baseline_zh_core,中子,baseline,zh,40,10,53.0,0.4699205756187439,0.0,0.43672861754894254,0.0032123460549669663,0.31,0.031622776601683805,1.0,0.0
sentence-transformers/paraphrase-multilingual-MiniLM-L12-v2,baseline_zh_core,中子,baseline,zh,45,10,58.0,0.4699205756187439,0.0,0.4359086722135544,0.004021270456384512,0.3,0.0,1.0,0.0
sentence-transformers/paraphrase-multilingual-MiniLM-L12-v2,baseline_zh_core,中子,baseline,zh,50,10,63.0,0.4699205756187439,0.0,0.4382131457328796,0.00015171901571302805,0.3,0.0,1.0,0.0
sentence-transformers/paraphrase-multilingual-MiniLM-L12-v2,baseline_zh_core,中子,baseline,zh,51,10,64.0,0.4699205756187439,0.0,0.43828511238098145,0.0,0.3,0.0,1.0,0.0
sentence-transformers/paraphrase-multilingual-MiniLM-L12-v2,baseline_zh_phrase,中子测量电流,baseline,zh,0,1,13.0,0.6183747053146362,,0.5764946937561035,,1.0,,1.0,
sentence-transformers/paraphrase-multilingual-MiniLM-L12-v2,baseline_zh_phrase,中子测量电流,baseline,zh,5,10,18.0,0.6232696533203125,0.01031945648402388,0.5806872010231018,0.006460458802854204,0.86,0.1646545204697129,1.2,0.42163702135578396
sentence-transformers/paraphrase-multilingual-MiniLM-L12-v2,baseline_zh_phrase,中子测量电流,baseline,zh,10,10,23.0,0.6238912999629974,0.008102074006849687,0.5885520815849304,0.00986796665558059,0.6799999999999999,0.18135294011647263,1.7,1.2516655570345725
sentence-transformers/paraphrase-multilingual-MiniLM-L12-v2,baseline_zh_phrase,中子测量电流,baseline,zh,15,10,28.0,0.6322609186172485,0.011433489627907583,0.5946907758712768,0.009828665883245026,0.52,0.18135294011647257,2.3,1.2516655570345725
sentence-transformers/paraphrase-multilingual-MiniLM-L12-v2,baseline_zh_phrase,中子测量电流,baseline,zh,20,10,33.0,0.6383241593837738,0.006567277516144862,0.6055048167705536,0.009699906085584865,0.38,0.11352924243950933,3.7,1.6363916944844767
sentence-transformers/paraphrase-multilingual-MiniLM-L12-v2,baseline_zh_phrase,中子测量电流,baseline,zh,25,10,38.0,0.6384081542491913,0.006624769650948814,0.6080570638179779,0.008995324548073648,0.31,0.1286683937707919,4.0,1.6996731711975948
sentence-transformers/paraphrase-multilingual-MiniLM-L12-v2,baseline_zh_phrase,中子测量电流,baseline,zh,30,10,43.0,0.6390138506889343,0.008317818599049452,0.6097732245922088,0.012578442098051194,0.34,0.1837873166945363,4.6,2.170509412813294
sentence-transformers/paraphrase-multilingual-MiniLM-L12-v2,baseline_zh_phrase,中子测量电流,baseline,zh,35,10,48.0,0.6425974607467652,0.00040573374650340545,0.6194912672042847,0.005288172513532379,0.19,0.0875595035770913,6.1,1.5951314818673865
sentence-transformers/paraphrase-multilingual-MiniLM-L12-v2,baseline_zh_phrase,中子测量电流,baseline,zh,40,10,53.0,0.6425974607467652,0.00040573374650340144,0.6210897207260132,0.006216072008804533,0.14,0.08432740427115677,6.7,1.494434118097326
sentence-transformers/paraphrase-multilingual-MiniLM-L12-v2,baseline_zh_phrase,中子测量电流,baseline,zh,45,10,58.0,0.6425134658813476,0.00043374761990511976,0.6231797516345978,0.0020346191926302985,0.12000000000000002,0.04216370213557839,7.2,0.6324555320336758
sentence-transformers/paraphrase-multilingual-MiniLM-L12-v2,baseline_zh_phrase,中子测量电流,baseline,zh,50,10,63.0,0.6428494453430176,0.0,0.6264061331748962,0.0,0.1,0.0,8.0,0.0
sentence-transformers/paraphrase-multilingual-MiniLM-L12-v2,baseline_zh_phrase,中子测量电流,baseline,zh,51,10,64.0,0.6428494453430176,0.0,0.6264061331748962,0.0,0.1,0.0,8.0,0.0
sentence-transformers/paraphrase-multilingual-MiniLM-L12-v2,obs_spike_en,neutron current measurement repeated spike events,observation_derived,en,0,1,13.0,0.5960785150527954,,0.5661399960517883,,1.0,,1.0,
sentence-transformers/paraphrase-multilingual-MiniLM-L12-v2,obs_spike_en,neutron current measurement repeated spike events,observation_derived,en,5,10,18.0,0.6612284779548645,0.0503839513846792,0.5993753015995026,0.01942222048726953,0.41000000000000003,0.26012817353502227,4.7,3.0568684048294332
sentence-transformers/paraphrase-multilingual-MiniLM-L12-v2,obs_spike_en,neutron current measurement repeated spike events,observation_derived,en,10,10,23.0,0.6791974306106567,0.04145957639411886,0.608119809627533,0.01919872990827628,0.27,0.15670212364724212,5.9,3.3813212407775355
sentence-transformers/paraphrase-multilingual-MiniLM-L12-v2,obs_spike_en,neutron current measurement repeated spike events,observation_derived,en,15,10,28.0,0.6657144725322723,0.04573165084000169,0.6137406826019287,0.020427162171793356,0.16,0.1505545305418162,7.3,4.056544780420347
sentence-transformers/paraphrase-multilingual-MiniLM-L12-v2,obs_spike_en,neutron current measurement repeated spike events,observation_derived,en,20,10,33.0,0.687400621175766,0.04168076863513716,0.62090904712677,0.008300930752120376,0.1,0.047140452079103175,8.2,1.9321835661585915
sentence-transformers/paraphrase-multilingual-MiniLM-L12-v2,obs_spike_en,neutron current measurement repeated spike events,observation_derived,en,25,10,38.0,0.6669433891773224,0.04499583793265614,0.6220212996006012,0.015099528160357223,0.08,0.10327955589886444,9.2,3.0840089349921005
sentence-transformers/paraphrase-multilingual-MiniLM-L12-v2,obs_spike_en,neutron current measurement repeated spike events,observation_derived,en,30,10,43.0,0.7001823782920837,0.034640925705720374,0.6346948921680451,0.00717992499693201,0.01,0.03162277660168379,10.7,0.9486832980505137
sentence-transformers/paraphrase-multilingual-MiniLM-L12-v2,obs_spike_en,neutron current measurement repeated spike events,observation_derived,en,35,10,48.0,0.7128145098686218,0.027880059149349972,0.6394317626953125,0.012210537726286521,0.02,0.0421637021355784,10.3,1.4944341180973268
sentence-transformers/paraphrase-multilingual-MiniLM-L12-v2,obs_spike_en,neutron current measurement repeated spike events,observation_derived,en,40,10,53.0,0.7254466414451599,0.0,0.6464346468448638,0.0037728494441731817,0.0,0.0,11.0,0.0
sentence-transformers/paraphrase-multilingual-MiniLM-L12-v2,obs_spike_en,neutron current measurement repeated spike events,observation_derived,en,45,10,58.0,0.716315507888794,0.019250119771539967,0.6459885537624359,0.006786756486986515,0.0,0.0,11.0,0.0
sentence-transformers/paraphrase-multilingual-MiniLM-L12-v2,obs_spike_en,neutron current measurement repeated spike events,observation_derived,en,50,10,63.0,0.7254466414451599,0.0,0.6511529088020325,0.0,0.0,0.0,11.0,0.0
sentence-transformers/paraphrase-multilingual-MiniLM-L12-v2,obs_spike_en,neutron current measurement repeated spike events,observation_derived,en,51,10,64.0,0.7254466414451599,0.0,0.6511529088020325,0.0,0.0,0.0,11.0,0.0
sentence-transformers/paraphrase-multilingual-MiniLM-L12-v2,obs_spike_zh,中子电流测量重复尖峰事件,observation_derived,zh,0,1,13.0,0.5996183156967163,,0.5600287318229675,,1.0,,1.0,
sentence-transformers/paraphrase-multilingual-MiniLM-L12-v2,obs_spike_zh,中子电流测量重复尖峰事件,observation_derived,zh,5,10,18.0,0.6161478459835052,0.020437868821731826,0.5763914823532105,0.01706800712170739,0.62,0.3359894178227774,2.1,1.449137674618944
sentence-transformers/paraphrase-multilingual-MiniLM-L12-v2,obs_spike_zh,中子电流测量重复尖峰事件,observation_derived,zh,10,10,23.0,0.6240429282188416,0.021081247424803294,0.5846800327301025,0.012631165245671044,0.37,0.26267851073127396,2.4,1.2649110640673518
sentence-transformers/paraphrase-multilingual-MiniLM-L12-v2,obs_spike_zh,中子电流测量重复尖峰事件,observation_derived,zh,15,10,28.0,0.6232353925704956,0.019229481212726017,0.5873240649700164,0.013100759471785397,0.33999999999999997,0.19550504398153573,3.4,1.837873166945363
sentence-transformers/paraphrase-multilingual-MiniLM-L12-v2,obs_spike_zh,中子电流测量重复尖峰事件,observation_derived,zh,20,10,33.0,0.635091245174408,0.013815191624348407,0.5989251911640168,0.009909423591698892,0.16999999999999998,0.06749485577105528,4.2,1.9888578520235063
sentence-transformers/paraphrase-multilingual-MiniLM-L12-v2,obs_spike_zh,中子电流测量重复尖峰事件,observation_derived,zh,25,10,38.0,0.638972282409668,0.012677215423893773,0.6028270781040191,0.011622729733805908,0.17,0.12516655570345725,5.2,2.1499353995462798
sentence-transformers/paraphrase-multilingual-MiniLM-L12-v2,obs_spike_zh,中子电流测量重复尖峰事件,observation_derived,zh,30,10,43.0,0.6404712200164795,0.014712108376978244,0.6057960033416748,0.009463280815301458,0.14,0.051639777949432225,5.7,2.2135943621178655
sentence-transformers/paraphrase-multilingual-MiniLM-L12-v2,obs_spike_zh,中子电流测量重复尖峰事件,observation_derived,zh,35,10,48.0,0.6428111374378205,0.009982823699605504,0.6100351512432098,0.007545304420579901,0.11000000000000001,0.0316227766016838,6.9,1.9692073983655904
sentence-transformers/paraphrase-multilingual-MiniLM-L12-v2,obs_spike_zh,中子电流测量重复尖峰事件,observation_derived,zh,40,10,53.0,0.6451828241348266,0.0032709182264505543,0.6112031817436219,0.0058909574801043205,0.1,0.0,7.3,1.7029386365926402
sentence-transformers/paraphrase-multilingual-MiniLM-L12-v2,obs_spike_zh,中子电流测量重复尖峰事件,observation_derived,zh,45,10,58.0,0.6436290860176086,0.009819728677506441,0.6137295484542846,0.005692253702367166,0.1,0.0,7.9,1.3703203194062976
sentence-transformers/paraphrase-multilingual-MiniLM-L12-v2,obs_spike_zh,中子电流测量重复尖峰事件,observation_derived,zh,50,10,63.0,0.646734356880188,0.0,0.6161933362483978,0.0009536094287687496,0.1,0.0,8.8,0.632455532033676
sentence-transformers/paraphrase-multilingual-MiniLM-L12-v2,obs_spike_zh,中子电流测量重复尖峰事件,observation_derived,zh,51,10,64.0,0.646734356880188,0.0,0.61649489402771,0.0,0.1,0.0,9.0,0.0
sentence-transformers/paraphrase-multilingual-MiniLM-L12-v2,obs_sync_en,neutron current measurement highly synchronized channels without time lag,observation_derived,en,0,1,13.0,0.6584986448287964,,0.6190425753593445,,1.0,,1.0,
sentence-transformers/paraphrase-multilingual-MiniLM-L12-v2,obs_sync_en,neutron current measurement highly synchronized channels without time lag,observation_derived,en,5,10,18.0,0.6603600978851318,0.003924287610334494,0.6233074367046356,0.006275476161125754,0.8300000000000001,0.1636391694484477,1.2,0.4216370213557839
sentence-transformers/paraphrase-multilingual-MiniLM-L12-v2,obs_sync_en,neutron current measurement highly synchronized channels without time lag,observation_derived,en,10,10,23.0,0.6594293713569641,0.002943215707750864,0.6258815467357636,0.005886486938195861,0.73,0.1636391694484477,1.1,0.31622776601683794
sentence-transformers/paraphrase-multilingual-MiniLM-L12-v2,obs_sync_en,neutron current measurement highly synchronized channels without time lag,observation_derived,en,15,10,28.0,0.663152277469635,0.004905359512918122,0.6304286479949951,0.007261860360374146,0.58,0.1229272594305718,1.5,0.5270462766947299
sentence-transformers/paraphrase-multilingual-MiniLM-L12-v2,obs_sync_en,neutron current measurement highly synchronized channels without time lag,observation_derived,en,20,10,33.0,0.663152277469635,0.004905359512918122,0.6333353638648986,0.005898867843177513,0.54,0.12649110640673514,1.5,0.5270462766947298
sentence-transformers/paraphrase-multilingual-MiniLM-L12-v2,obs_sync_en,neutron current measurement highly synchronized channels without time lag,observation_derived,en,25,10,38.0,0.663152277469635,0.00490535951291812,0.6341456532478332,0.005652306577459989,0.51,0.1286683937707919,1.5,0.5270462766947299
sentence-transformers/paraphrase-multilingual-MiniLM-L12-v2,obs_sync_en,neutron current measurement highly synchronized channels without time lag,observation_derived,en,30,10,43.0,0.663152277469635,0.004905359512918119,0.638046944141388,0.004429467542234473,0.44000000000000006,0.11737877907772672,1.5,0.5270462766947299
sentence-transformers/paraphrase-multilingual-MiniLM-L12-v2,obs_sync_en,neutron current measurement highly synchronized channels without time lag,observation_derived,en,35,10,48.0,0.6659444570541382,0.00392428761033449,0.6391083717346191,0.004621290624654552,0.39,0.11005049346146119,1.8,0.4216370213557839
sentence-transformers/paraphrase-multilingual-MiniLM-L12-v2,obs_sync_en,neutron current measurement highly synchronized channels without time lag,observation_derived,en,40,10,53.0,0.6668751835823059,0.002943215707750874,0.6415921807289123,0.0017688479068179558,0.35,0.052704627669472995,1.9,0.31622776601683794
sentence-transformers/paraphrase-multilingual-MiniLM-L12-v2,obs_sync_en,neutron current measurement highly synchronized channels without time lag,observation_derived,en,45,10,58.0,0.6668751835823059,0.002943215707750874,0.6417740285396576,0.002225353128509148,0.33999999999999997,0.06992058987801011,1.9,0.31622776601683794
sentence-transformers/paraphrase-multilingual-MiniLM-L12-v2,obs_sync_en,neutron current measurement highly synchronized channels without time lag,observation_derived,en,50,10,63.0,0.6678059101104736,0.0,0.6427671492099762,0.0005294018545219381,0.3,0.0,2.0,0.0
sentence-transformers/paraphrase-multilingual-MiniLM-L12-v2,obs_sync_en,neutron current measurement highly synchronized channels without time lag,observation_derived,en,51,10,64.0,0.6678059101104736,0.0,0.6429345607757568,0.0,0.3,0.0,2.0,0.0
sentence-transformers/paraphrase-multilingual-MiniLM-L12-v2,obs_sync_zh,中子电流测量高同步通道无时间滞后,observation_derived,zh,0,1,13.0,0.569320023059845,,0.5430797338485718,,1.0,,1.0,
sentence-transformers/paraphrase-multilingual-MiniLM-L12-v2,obs_sync_zh,中子电流测量高同步通道无时间滞后,observation_derived,zh,5,10,18.0,0.5760755658149719,0.014820803284262265,0.5530943095684051,0.008360480842125649,0.6799999999999999,0.20439612955674524,1.5,1.0801234497346435
sentence-transformers/paraphrase-multilingual-MiniLM-L12-v2,obs_sync_zh,中子电流测量高同步通道无时间滞后,observation_derived,zh,10,10,23.0,0.5863114714622497,0.021935865563485462,0.5589720487594605,0.014858081510523802,0.6,0.24037008503093263,2.6,2.1705094128132942
sentence-transformers/paraphrase-multilingual-MiniLM-L12-v2,obs_sync_zh,中子电流测量高同步通道无时间滞后,observation_derived,zh,15,10,28.0,0.5870789706707,0.01976863390515049,0.5610625326633454,0.008730934867351608,0.47000000000000003,0.12516655570345722,2.3,1.4181364924121764
sentence-transformers/paraphrase-multilingual-MiniLM-L12-v2,obs_sync_zh,中子电流测量高同步通道无时间滞后,observation_derived,zh,20,10,33.0,0.5845712900161744,0.020320035314091253,0.5617995083332061,0.010479850958627595,0.45,0.11785113019775789,2.3,1.8287822299126937
sentence-transformers/paraphrase-multilingual-MiniLM-L12-v2,obs_sync_zh,中子电流测量高同步通道无时间滞后,observation_derived,zh,25,10,38.0,0.6040704190731049,0.014192427246166121,0.5715819478034974,0.007892472123582127,0.35,0.05270462766947301,4.1,1.5951314818673867
sentence-transformers/paraphrase-multilingual-MiniLM-L12-v2,obs_sync_zh,中子电流测量高同步通道无时间滞后,observation_derived,zh,30,10,43.0,0.6033029198646546,0.017910559232276115,0.5731295883655548,0.008298841490329353,0.32999999999999996,0.048304589153964815,4.2,1.9321835661585918
sentence-transformers/paraphrase-multilingual-MiniLM-L12-v2,obs_sync_zh,中子电流测量高同步通道无时间滞后,observation_derived,zh,35,10,48.0,0.6040704190731049,0.014192427246166121,0.5727546274662018,0.008595856093465292,0.33999999999999997,0.0699205898780101,4.3,1.7029386365926402
sentence-transformers/paraphrase-multilingual-MiniLM-L12-v2,obs_sync_zh,中子电流测量高同步通道无时间滞后,observation_derived,zh,40,10,53.0,0.608318281173706,0.007337249215418486,0.5760917365550995,0.006076184562121867,0.31,0.031622776601683805,5.0,1.3333333333333333
sentence-transformers/paraphrase-multilingual-MiniLM-L12-v2,obs_sync_zh,中子电流测量高同步通道无时间滞后,observation_derived,zh,45,10,58.0,0.6065780997276307,0.008405874980602645,0.5760713636875152,0.00646755118247431,0.3,0.0,5.1,1.4491376746189437
sentence-transformers/paraphrase-multilingual-MiniLM-L12-v2,obs_sync_zh,中子电流测量高同步通道无时间滞后,observation_derived,zh,50,10,63.0,0.6117986440658569,0.0,0.5803114175796509,0.0,0.3,0.0,6.0,0.0
sentence-transformers/paraphrase-multilingual-MiniLM-L12-v2,obs_sync_zh,中子电流测量高同步通道无时间滞后,observation_derived,zh,51,10,64.0,0.6117986440658569,0.0,0.5803114175796509,0.0,0.3,0.0,6.0,0.0
sentence-transformers/paraphrase-multilingual-MiniLM-L12-v2,obs_zero_en,neutron current measurement synchronized zero-value dropout across channels,observation_derived,en,0,1,13.0,0.6168930530548096,,0.5824519991874695,,1.0,,1.0,
sentence-transformers/paraphrase-multilingual-MiniLM-L12-v2,obs_zero_en,neutron current measurement synchronized zero-value dropout across channels,observation_derived,en,5,10,18.0,0.6195503413677216,0.005642368031024895,0.5881288290023804,0.007270819444568708,0.8,0.20548046676563256,1.3,0.6749485577105528
sentence-transformers/paraphrase-multilingual-MiniLM-L12-v2,obs_zero_en,neutron current measurement synchronized zero-value dropout across channels,observation_derived,en,10,10,23.0,0.6239647388458252,0.007502701503420904,0.5948535323143005,0.009402580468890264,0.61,0.21317702607092642,1.8,1.0327955589886446
sentence-transformers/paraphrase-multilingual-MiniLM-L12-v2,obs_zero_en,neutron current measurement synchronized zero-value dropout across channels,observation_derived,en,15,10,28.0,0.6263363838195801,0.006634691675509379,0.6014943897724152,0.009131285464734582,0.47000000000000003,0.170293863659264,2.4,1.1737877907772671
sentence-transformers/paraphrase-multilingual-MiniLM-L12-v2,obs_zero_en,neutron current measurement synchronized zero-value dropout across channels,observation_derived,en,20,10,33.0,0.6304651379585267,0.0014750558606807314,0.6063328802585601,0.0035162600847959318,0.38,0.07888106377466156,2.6,0.699205898780101
sentence-transformers/paraphrase-multilingual-MiniLM-L12-v2,obs_zero_en,neutron current measurement synchronized zero-value dropout across channels,observation_derived,en,25,10,38.0,0.6292793154716492,0.004555637909224202,0.6069043457508088,0.00531400252585079,0.39,0.08755950357709133,2.8,1.0327955589886444
sentence-transformers/paraphrase-multilingual-MiniLM-L12-v2,obs_zero_en,neutron current measurement synchronized zero-value dropout across channels,observation_derived,en,30,10,43.0,0.6283791363239288,0.0061188650220107225,0.6073263108730316,0.007589630767058304,0.38,0.11352924243950935,2.9,1.286683937707919
sentence-transformers/paraphrase-multilingual-MiniLM-L12-v2,obs_zero_en,neutron current measurement synchronized zero-value dropout across channels,observation_derived,en,35,10,48.0,0.6269076704978943,0.0069667374640547085,0.6070521414279938,0.005379133501928736,0.37,0.08232726023485647,2.2,1.1352924243950933
sentence-transformers/paraphrase-multilingual-MiniLM-L12-v2,obs_zero_en,neutron current measurement synchronized zero-value dropout across channels,observation_derived,en,40,10,53.0,0.6307507812976837,0.0013797884142550578,0.6111157655715942,0.0027197908388807987,0.31,0.031622776601683805,3.1,0.8755950357709131
sentence-transformers/paraphrase-multilingual-MiniLM-L12-v2,obs_zero_en,neutron current measurement synchronized zero-value dropout across channels,observation_derived,en,45,10,58.0,0.631607711315155,0.0,0.6140276432037354,0.0006068119069715342,0.3,0.0,4.0,0.0
sentence-transformers/paraphrase-multilingual-MiniLM-L12-v2,obs_zero_en,neutron current measurement synchronized zero-value dropout across channels,observation_derived,en,50,10,63.0,0.631607711315155,0.0,0.6144515156745911,0.00011049074914400606,0.3,0.0,4.0,0.0
sentence-transformers/paraphrase-multilingual-MiniLM-L12-v2,obs_zero_en,neutron current measurement synchronized zero-value dropout across channels,observation_derived,en,51,10,64.0,0.631607711315155,0.0,0.6144864559173584,0.0,0.3,0.0,4.0,0.0
sentence-transformers/paraphrase-multilingual-MiniLM-L12-v2,obs_zero_zh,中子电流测量跨通道同步零值闪断,observation_derived,zh,0,1,13.0,0.5899688601493835,,0.541336715221405,,1.0,,1.0,
sentence-transformers/paraphrase-multilingual-MiniLM-L12-v2,obs_zero_zh,中子电流测量跨通道同步零值闪断,observation_derived,zh,5,10,18.0,0.5899688601493835,0.0,0.5547309458255768,0.007005079379506554,0.61,0.15951314818673865,1.0,0.0
sentence-transformers/paraphrase-multilingual-MiniLM-L12-v2,obs_zero_zh,中子电流测量跨通道同步零值闪断,observation_derived,zh,10,10,23.0,0.5969123184680939,0.009081999731877793,0.5634056508541108,0.01122898586726471,0.45999999999999996,0.12649110640673517,1.7,0.9486832980505138
sentence-transformers/paraphrase-multilingual-MiniLM-L12-v2,obs_zero_zh,中子电流测量跨通道同步零值闪断,observation_derived,zh,15,10,28.0,0.5959011733531951,0.007796404940991191,0.5659940302371979,0.007495048099879461,0.39,0.0875595035770913,1.5,0.7071067811865476
sentence-transformers/paraphrase-multilingual-MiniLM-L12-v2,obs_zero_zh,中子电流测量跨通道同步零值闪断,observation_derived,zh,20,10,33.0,0.6001312613487244,0.008960260840832892,0.5742249488830566,0.007312327839349053,0.32,0.04216370213557841,2.3,1.3374935098492589
sentence-transformers/paraphrase-multilingual-MiniLM-L12-v2,obs_zero_zh,中子电流测量跨通道同步零值闪断,observation_derived,zh,25,10,38.0,0.603004664182663,0.008995559401702276,0.5774329602718353,0.007137685554436229,0.31,0.05676462121975467,2.9,1.3703203194062976
sentence-transformers/paraphrase-multilingual-MiniLM-L12-v2,obs_zero_zh,中子电流测量跨通道同步零值闪断,observation_derived,zh,30,10,43.0,0.6042013168334961,0.0055963341775182055,0.577660983800888,0.00536634245291021,0.31,0.05676462121975468,2.6,1.07496769977314
sentence-transformers/paraphrase-multilingual-MiniLM-L12-v2,obs_zero_zh,中子电流测量跨通道同步零值闪断,observation_derived,zh,35,10,48.0,0.6042013168334961,0.005596334177518218,0.5803939640522003,0.0051692370644473695,0.27999999999999997,0.04216370213557838,2.6,1.0749676997731399
sentence-transformers/paraphrase-multilingual-MiniLM-L12-v2,obs_zero_zh,中子电流测量跨通道同步零值闪断,observation_derived,zh,40,10,53.0,0.6057180345058442,0.005919428134172392,0.5818958103656768,0.0055462529843001655,0.26,0.051639777949432204,3.0,1.05409255338946
sentence-transformers/paraphrase-multilingual-MiniLM-L12-v2,obs_zero_zh,中子电流测量跨通道同步零值闪断,observation_derived,zh,45,10,58.0,0.6085914373397827,0.0,0.5865614175796509,0.0020294859035778524,0.22000000000000003,0.04216370213557838,4.0,0.0
sentence-transformers/paraphrase-multilingual-MiniLM-L12-v2,obs_zero_zh,中子电流测量跨通道同步零值闪断,observation_derived,zh,50,10,63.0,0.6085914373397827,0.0,0.5868852138519287,0.001916907060379535,0.21000000000000002,0.03162277660168379,3.9,0.31622776601683794
sentence-transformers/paraphrase-multilingual-MiniLM-L12-v2,obs_zero_zh,中子电流测量跨通道同步零值闪断,observation_derived,zh,51,10,64.0,0.6085914373397827,0.0,0.5874913930892944,0.0,0.2,0.0,4.0,0.0
