scope,extra_docs,trial,query_tag,lang,query,pool_docs,pool_chunks,iaea_docs,extra_sampled,top1_score,top3_mean_score,top10_mean_score,max_score,iaea_count_topk,iaea_purity_topk,first_iaea_rank,retrieved_k,top_k
IAEA_only,0,0,core_term,zh,中子,13,8031,13,0,0.5112361907958984,0.507221003373464,0.5025793790817261,0.5112361907958984,10,1.0,1,10,10
IAEA_only,0,0,core_term,en,neutron,13,8031,13,0,0.6627007722854614,0.6610876520474752,0.649569284915924,0.6627007722854614,10,1.0,1,10,10
IAEA_only,0,0,phrase,zh,中子测量电流,13,8031,13,0,0.5418453812599182,0.5393928488095602,0.5371744990348816,0.5418453812599182,10,1.0,1,10,10
IAEA_only,0,0,phrase,en,neutron measurement current,13,8031,13,0,0.6875819563865662,0.6807515223821005,0.6590442776679992,0.6875819563865662,10,1.0,1,10,10
IAEA_plus_5,5,0,core_term,zh,中子,18,9140,13,5,0.6029064655303955,0.6005892952283224,0.5877501010894776,0.6029064655303955,0,0.0,0,10,10
IAEA_plus_5,5,0,core_term,en,neutron,18,9140,13,5,0.6627007722854614,0.6610876520474752,0.649569284915924,0.6627007722854614,10,1.0,1,10,10
IAEA_plus_5,5,0,phrase,zh,中子测量电流,18,9140,13,5,0.6574752926826477,0.6551188429196676,0.6368167757987976,0.6574752926826477,0,0.0,0,10,10
IAEA_plus_5,5,0,phrase,en,neutron measurement current,18,9140,13,5,0.6875819563865662,0.6807515223821005,0.6590442776679992,0.6875819563865662,10,1.0,1,10,10
IAEA_plus_5,5,1,core_term,zh,中子,18,11154,13,5,0.5112361907958984,0.507221003373464,0.5025793761014938,0.5112361907958984,10,1.0,1,10,10
IAEA_plus_5,5,1,core_term,en,neutron,18,11154,13,5,0.6627007722854614,0.6610876520474752,0.6522407770156861,0.6627007722854614,7,0.7,1,10,10
IAEA_plus_5,5,1,phrase,zh,中子测量电流,18,11154,13,5,0.5418453812599182,0.5393928488095602,0.5371744990348816,0.5418453812599182,10,1.0,1,10,10
IAEA_plus_5,5,1,phrase,en,neutron measurement current,18,11154,13,5,0.7035508155822754,0.6917656064033508,0.6740899860858918,0.7035508155822754,4,0.4,2,10,10
IAEA_plus_5,5,2,core_term,zh,中子,18,10538,13,5,0.6031417846679688,0.5898881753285726,0.5457906723022461,0.6031417846679688,0,0.0,0,10,10
IAEA_plus_5,5,2,core_term,en,neutron,18,10538,13,5,0.6627007722854614,0.6610876520474752,0.649569284915924,0.6627007722854614,10,1.0,1,10,10
IAEA_plus_5,5,2,phrase,zh,中子测量电流,18,10538,13,5,0.6654865145683289,0.6451871395111084,0.5972298741340637,0.6654865145683289,0,0.0,0,10,10
IAEA_plus_5,5,2,phrase,en,neutron measurement current,18,10538,13,5,0.6875819563865662,0.6807515223821005,0.6590442776679992,0.6875819563865662,10,1.0,1,10,10
IAEA_plus_5,5,3,core_term,zh,中子,18,9890,13,5,0.576902449131012,0.5747781793276469,0.5710408926010132,0.576902449131012,0,0.0,0,10,10
IAEA_plus_5,5,3,core_term,en,neutron,18,9890,13,5,0.6627007722854614,0.6610876520474752,0.6500552892684937,0.6627007722854614,9,0.9,1,10,10
IAEA_plus_5,5,3,phrase,zh,中子测量电流,18,9890,13,5,0.6156619191169739,0.6132459044456482,0.607781457901001,0.6156619191169739,0,0.0,0,10,10
IAEA_plus_5,5,3,phrase,en,neutron measurement current,18,9890,13,5,0.6875819563865662,0.6807515223821005,0.662755012512207,0.6875819563865662,8,0.8,1,10,10
IAEA_plus_5,5,4,core_term,zh,中子,18,10081,13,5,0.6207481026649475,0.6181416908899943,0.6119520425796509,0.6207481026649475,0,0.0,0,10,10
IAEA_plus_5,5,4,core_term,en,neutron,18,10081,13,5,0.6627007722854614,0.6610876520474752,0.6522407770156861,0.6627007722854614,7,0.7,1,10,10
IAEA_plus_5,5,4,phrase,zh,中子测量电流,18,10081,13,5,0.6654865145683289,0.6632282535235087,0.6601292490959167,0.6654865145683289,0,0.0,0,10,10
IAEA_plus_5,5,4,phrase,en,neutron measurement current,18,10081,13,5,0.7035508155822754,0.691765566666921,0.6740899741649627,0.7035508155822754,4,0.4,2,10,10
IAEA_plus_5,5,5,core_term,zh,中子,18,10434,13,5,0.6031417846679688,0.5898881753285726,0.5541894972324372,0.6031417846679688,0,0.0,0,10,10
IAEA_plus_5,5,5,core_term,en,neutron,18,10434,13,5,0.6627007722854614,0.6610876520474752,0.649569284915924,0.6627007722854614,10,1.0,1,10,10
IAEA_plus_5,5,5,phrase,zh,中子测量电流,18,10434,13,5,0.6654865145683289,0.6451871395111084,0.5979482531547546,0.6654865145683289,0,0.0,0,10,10
IAEA_plus_5,5,5,phrase,en,neutron measurement current,18,10434,13,5,0.6875819563865662,0.6807515223821005,0.6590442776679992,0.6875819563865662,10,1.0,1,10,10
IAEA_plus_5,5,6,core_term,zh,中子,18,8711,13,5,0.6207481026649475,0.6181416908899943,0.6119520425796509,0.6207481026649475,0,0.0,0,10,10
IAEA_plus_5,5,6,core_term,en,neutron,18,8711,13,5,0.6627007722854614,0.6614515781402588,0.6532676160335541,0.6627007722854614,8,0.8,1,10,10
IAEA_plus_5,5,6,phrase,zh,中子测量电流,18,8711,13,5,0.6621338725090027,0.6619506279627482,0.6592917323112488,0.6621338725090027,0,0.0,0,10,10
IAEA_plus_5,5,6,phrase,en,neutron measurement current,18,8711,13,5,0.6875819563865662,0.6807515223821005,0.6590442776679992,0.6875819563865662,10,1.0,1,10,10
IAEA_plus_5,5,7,core_term,zh,中子,18,9815,13,5,0.5112361907958984,0.507221003373464,0.5025793790817261,0.5112361907958984,10,1.0,1,10,10
IAEA_plus_5,5,7,core_term,en,neutron,18,9815,13,5,0.6627007722854614,0.6610876520474752,0.649569284915924,0.6627007722854614,10,1.0,1,10,10
IAEA_plus_5,5,7,phrase,zh,中子测量电流,18,9815,13,5,0.5418453812599182,0.5393928488095602,0.5371744990348816,0.5418453812599182,10,1.0,1,10,10
IAEA_plus_5,5,7,phrase,en,neutron measurement current,18,9815,13,5,0.6875819563865662,0.6807515223821005,0.6590442776679992,0.6875819563865662,10,1.0,1,10,10
IAEA_plus_5,5,8,core_term,zh,中子,18,10772,13,5,0.54560387134552,0.5408257246017456,0.5380343675613404,0.54560387134552,0,0.0,0,10,10
IAEA_plus_5,5,8,core_term,en,neutron,18,10772,13,5,0.6627007722854614,0.6610876520474752,0.6522407770156861,0.6627007722854614,7,0.7,1,10,10
IAEA_plus_5,5,8,phrase,zh,中子测量电流,18,10772,13,5,0.5783096551895142,0.5773650606473287,0.5743835270404816,0.5783096551895142,0,0.0,0,10,10
IAEA_plus_5,5,8,phrase,en,neutron measurement current,18,10772,13,5,0.7035508155822754,0.691765566666921,0.6740899801254272,0.7035508155822754,4,0.4,2,10,10
IAEA_plus_5,5,9,core_term,zh,中子,18,9016,13,5,0.5446316599845886,0.542344351609548,0.5387121140956879,0.5446316599845886,0,0.0,0,10,10
IAEA_plus_5,5,9,core_term,en,neutron,18,9016,13,5,0.6627007722854614,0.6610876520474752,0.649569284915924,0.6627007722854614,10,1.0,1,10,10
IAEA_plus_5,5,9,phrase,zh,中子测量电流,18,9016,13,5,0.5816555023193359,0.5796078046162924,0.5767114222049713,0.5816555023193359,0,0.0,0,10,10
IAEA_plus_5,5,9,phrase,en,neutron measurement current,18,9016,13,5,0.6875819563865662,0.6807515223821005,0.6590442776679992,0.6875819563865662,10,1.0,1,10,10
IAEA_plus_10,10,0,core_term,zh,中子,23,13306,13,10,0.5469182133674622,0.5445239146550497,0.5398293733596802,0.5469182133674622,0,0.0,0,10,10
IAEA_plus_10,10,0,core_term,en,neutron,23,13306,13,10,0.6627007722854614,0.6610876520474752,0.649569284915924,0.6627007722854614,10,1.0,1,10,10
IAEA_plus_10,10,0,phrase,zh,中子测量电流,23,13306,13,10,0.596697986125946,0.5937711397806803,0.5905646085739136,0.596697986125946,0,0.0,0,10,10
IAEA_plus_10,10,0,phrase,en,neutron measurement current,23,13306,13,10,0.6875819563865662,0.6807515223821005,0.6590442776679992,0.6875819563865662,10,1.0,1,10,10
IAEA_plus_10,10,1,core_term,zh,中子,23,14384,13,10,0.6029064655303955,0.6005892952283224,0.5877501010894776,0.6029064655303955,0,0.0,0,10,10
IAEA_plus_10,10,1,core_term,en,neutron,23,14384,13,10,0.6627007722854614,0.6610876520474752,0.6502681851387024,0.6627007722854614,9,0.9,1,10,10
IAEA_plus_10,10,1,phrase,zh,中子测量电流,23,14384,13,10,0.6574752926826477,0.6551188429196676,0.6368167757987976,0.6574752926826477,0,0.0,0,10,10
IAEA_plus_10,10,1,phrase,en,neutron measurement current,23,14384,13,10,0.6875819563865662,0.6807515223821005,0.6590442776679992,0.6875819563865662,10,1.0,1,10,10
IAEA_plus_10,10,2,core_term,zh,中子,23,12400,13,10,0.5469182133674622,0.5445239146550497,0.5398070096969605,0.5469182133674622,0,0.0,0,10,10
IAEA_plus_10,10,2,core_term,en,neutron,23,12400,13,10,0.6627007722854614,0.6610876520474752,0.6500552892684937,0.6627007722854614,9,0.9,1,10,10
IAEA_plus_10,10,2,phrase,zh,中子测量电流,23,12400,13,10,0.596697986125946,0.5937711397806803,0.5905646085739136,0.596697986125946,0,0.0,0,10,10
IAEA_plus_10,10,2,phrase,en,neutron measurement current,23,12400,13,10,0.6875819563865662,0.6807515223821005,0.6603556394577026,0.6875819563865662,8,0.8,1,10,10
IAEA_plus_10,10,3,core_term,zh,中子,23,12087,13,10,0.6029064655303955,0.6005892952283224,0.5877501010894776,0.6029064655303955,0,0.0,0,10,10
IAEA_plus_10,10,3,core_term,en,neutron,23,12087,13,10,0.6627007722854614,0.6610876520474752,0.649569284915924,0.6627007722854614,10,1.0,1,10,10
IAEA_plus_10,10,3,phrase,zh,中子测量电流,23,12087,13,10,0.6574752926826477,0.6551188429196676,0.637096643447876,0.6574752926826477,0,0.0,0,10,10
IAEA_plus_10,10,3,phrase,en,neutron measurement current,23,12087,13,10,0.6875819563865662,0.6807515223821005,0.662755012512207,0.6875819563865662,8,0.8,1,10,10
IAEA_plus_10,10,4,core_term,zh,中子,23,14127,13,10,0.6207481026649475,0.6181416908899943,0.6119520425796509,0.6207481026649475,0,0.0,0,10,10
IAEA_plus_10,10,4,core_term,en,neutron,23,14127,13,10,0.6627007722854614,0.6610876520474752,0.649569284915924,0.6627007722854614,10,1.0,1,10,10
IAEA_plus_10,10,4,phrase,zh,中子测量电流,23,14127,13,10,0.6621338725090027,0.6619506279627482,0.6592917323112488,0.6621338725090027,0,0.0,0,10,10
IAEA_plus_10,10,4,phrase,en,neutron measurement current,23,14127,13,10,0.6875819563865662,0.6807515223821005,0.6590442776679992,0.6875819563865662,10,1.0,1,10,10
IAEA_plus_10,10,5,core_term,zh,中子,23,13755,13,10,0.6130839586257935,0.6109715104103088,0.6086623966693878,0.6130839586257935,0,0.0,0,10,10
IAEA_plus_10,10,5,core_term,en,neutron,23,13755,13,10,0.6627007722854614,0.6610876520474752,0.6546536982059479,0.6627007722854614,5,0.5,1,10,10
IAEA_plus_10,10,5,phrase,zh,中子测量电流,23,13755,13,10,0.6654865145683289,0.663221001625061,0.6597525477409363,0.6654865145683289,0,0.0,0,10,10
IAEA_plus_10,10,5,phrase,en,neutron measurement current,23,13755,13,10,0.6875819563865662,0.6807515223821005,0.6590541124343872,0.6875819563865662,9,0.9,1,10,10
IAEA_plus_10,10,6,core_term,zh,中子,23,12034,13,10,0.6160902380943298,0.6141723791758219,0.6104661166667938,0.6160902380943298,0,0.0,0,10,10
IAEA_plus_10,10,6,core_term,en,neutron,23,12034,13,10,0.6627007722854614,0.6610876520474752,0.649569284915924,0.6627007722854614,10,1.0,1,10,10
IAEA_plus_10,10,6,phrase,zh,中子测量电流,23,12034,13,10,0.6651601195335388,0.6639248331387838,0.6603902041912079,0.6651601195335388,0,0.0,0,10,10
IAEA_plus_10,10,6,phrase,en,neutron measurement current,23,12034,13,10,0.6875819563865662,0.6807515223821005,0.6590442776679992,0.6875819563865662,10,1.0,1,10,10
IAEA_plus_10,10,7,core_term,zh,中子,23,14213,13,10,0.6160902380943298,0.6142414808273315,0.611646032333374,0.6160902380943298,0,0.0,0,10,10
IAEA_plus_10,10,7,core_term,en,neutron,23,14213,13,10,0.6627007722854614,0.6610876520474752,0.6546536982059479,0.6627007722854614,5,0.5,1,10,10
IAEA_plus_10,10,7,phrase,zh,中子测量电流,23,14213,13,10,0.6651601195335388,0.6640913089116415,0.6618227779865264,0.6651601195335388,0,0.0,0,10,10
IAEA_plus_10,10,7,phrase,en,neutron measurement current,23,14213,13,10,0.6875819563865662,0.6807515223821005,0.662755012512207,0.6875819563865662,8,0.8,1,10,10
IAEA_plus_10,10,8,core_term,zh,中子,23,11742,13,10,0.5446316599845886,0.5432626803716024,0.5406953811645507,0.5446316599845886,0,0.0,0,10,10
IAEA_plus_10,10,8,core_term,en,neutron,23,11742,13,10,0.6627007722854614,0.6610876520474752,0.6500552892684937,0.6627007722854614,9,0.9,1,10,10
IAEA_plus_10,10,8,phrase,zh,中子测量电流,23,11742,13,10,0.5832376480102539,0.5821030735969543,0.5795878350734711,0.5832376480102539,0,0.0,0,10,10
IAEA_plus_10,10,8,phrase,en,neutron measurement current,23,11742,13,10,0.6875819563865662,0.6807515223821005,0.6597204625606536,0.6875819563865662,9,0.9,1,10,10
IAEA_plus_10,10,9,core_term,zh,中子,23,10533,13,10,0.5320560336112976,0.5292893250783285,0.5214007318019866,0.5320560336112976,0,0.0,0,10,10
IAEA_plus_10,10,9,core_term,en,neutron,23,10533,13,10,0.6627007722854614,0.6610876520474752,0.6500552892684937,0.6627007722854614,9,0.9,1,10,10
IAEA_plus_10,10,9,phrase,zh,中子测量电流,23,10533,13,10,0.5736315250396729,0.5677233537038168,0.5543397903442383,0.5736315250396729,0,0.0,0,10,10
IAEA_plus_10,10,9,phrase,en,neutron measurement current,23,10533,13,10,0.6875819563865662,0.6807515223821005,0.6590442776679992,0.6875819563865662,10,1.0,1,10,10
IAEA_plus_15,15,0,core_term,zh,中子,28,17399,13,15,0.6130839586257935,0.6109715104103088,0.6086623966693878,0.6130839586257935,0,0.0,0,10,10
IAEA_plus_15,15,0,core_term,en,neutron,28,17399,13,15,0.6627007722854614,0.6610876520474752,0.6546536982059479,0.6627007722854614,5,0.5,1,10,10
IAEA_plus_15,15,0,phrase,zh,中子测量电流,28,17399,13,15,0.6632525324821472,0.6614739298820496,0.6587863266468048,0.6632525324821472,0,0.0,0,10,10
IAEA_plus_15,15,0,phrase,en,neutron measurement current,28,17399,13,15,0.6875819563865662,0.6807515223821005,0.6590541124343872,0.6875819563865662,9,0.9,1,10,10
IAEA_plus_15,15,1,core_term,zh,中子,28,12118,13,15,0.5431345105171204,0.5415983398755392,0.5393382132053375,0.5431345105171204,0,0.0,0,10,10
IAEA_plus_15,15,1,core_term,en,neutron,28,12118,13,15,0.6627007722854614,0.6610876520474752,0.649569284915924,0.6627007722854614,10,1.0,1,10,10
IAEA_plus_15,15,1,phrase,zh,中子测量电流,28,12118,13,15,0.5832376480102539,0.5815415382385254,0.5788323879241943,0.5832376480102539,0,0.0,0,10,10
IAEA_plus_15,15,1,phrase,en,neutron measurement current,28,12118,13,15,0.6875819563865662,0.6807515223821005,0.6598137557506562,0.6875819563865662,9,0.9,1,10,10
IAEA_plus_15,15,2,core_term,zh,中子,28,12266,13,15,0.576902449131012,0.5747781793276469,0.5710408926010132,0.576902449131012,0,0.0,0,10,10
IAEA_plus_15,15,2,core_term,en,neutron,28,12266,13,15,0.6627007722854614,0.6610876520474752,0.6500552892684937,0.6627007722854614,9,0.9,1,10,10
IAEA_plus_15,15,2,phrase,zh,中子测量电流,28,12266,13,15,0.6156619191169739,0.6132459044456482,0.607781457901001,0.6156619191169739,0,0.0,0,10,10
IAEA_plus_15,15,2,phrase,en,neutron measurement current,28,12266,13,15,0.6875819563865662,0.6807515223821005,0.662755012512207,0.6875819563865662,8,0.8,1,10,10
IAEA_plus_15,15,3,core_term,zh,中子,28,17303,13,15,0.6160902380943298,0.6142414808273315,0.611646032333374,0.6160902380943298,0,0.0,0,10,10
IAEA_plus_15,15,3,core_term,en,neutron,28,17303,13,15,0.6627007722854614,0.6614515781402588,0.6571417570114135,0.6627007722854614,5,0.5,1,10,10
IAEA_plus_15,15,3,phrase,zh,中子测量电流,28,17303,13,15,0.6651601195335388,0.6640913089116415,0.6618227779865264,0.6651601195335388,0,0.0,0,10,10
IAEA_plus_15,15,3,phrase,en,neutron measurement current,28,17303,13,15,0.6875819563865662,0.6807515223821005,0.6590541124343872,0.6875819563865662,9,0.9,1,10,10
IAEA_plus_15,15,4,core_term,zh,中子,28,13330,13,15,0.6160902380943298,0.6141723791758219,0.6104661166667938,0.6160902380943298,0,0.0,0,10,10
IAEA_plus_15,15,4,core_term,en,neutron,28,13330,13,15,0.6627007722854614,0.6614515781402588,0.6532676160335541,0.6627007722854614,8,0.8,1,10,10
IAEA_plus_15,15,4,phrase,zh,中子测量电流,28,13330,13,15,0.6651601195335388,0.6639248331387838,0.6603902041912079,0.6651601195335388,0,0.0,0,10,10
IAEA_plus_15,15,4,phrase,en,neutron measurement current,28,13330,13,15,0.6875819563865662,0.6807515223821005,0.6597204625606536,0.6875819563865662,9,0.9,1,10,10
IAEA_plus_15,15,5,core_term,zh,中子,28,15629,13,15,0.5363013744354248,0.5331892371177673,0.5273357808589936,0.5363013744354248,0,0.0,0,10,10
IAEA_plus_15,15,5,core_term,en,neutron,28,15629,13,15,0.6627007722854614,0.6610876520474752,0.6522407770156861,0.6627007722854614,7,0.7,1,10,10
IAEA_plus_15,15,5,phrase,zh,中子测量电流,28,15629,13,15,0.5801733732223511,0.5783689419428507,0.5756623983383179,0.5801733732223511,0,0.0,0,10,10
IAEA_plus_15,15,5,phrase,en,neutron measurement current,28,15629,13,15,0.7035508155822754,0.691765566666921,0.6740899741649627,0.7035508155822754,4,0.4,2,10,10
IAEA_plus_15,15,6,core_term,zh,中子,28,12198,13,15,0.6130839586257935,0.6109715104103088,0.6086623966693878,0.6130839586257935,0,0.0,0,10,10
IAEA_plus_15,15,6,core_term,en,neutron,28,12198,13,15,0.6627007722854614,0.6610876520474752,0.6545090436935425,0.6627007722854614,5,0.5,1,10,10
IAEA_plus_15,15,6,phrase,zh,中子测量电流,28,12198,13,15,0.6632525324821472,0.6614739298820496,0.6589514255523682,0.6632525324821472,0,0.0,0,10,10
IAEA_plus_15,15,6,phrase,en,neutron measurement current,28,12198,13,15,0.6875819563865662,0.6807515223821005,0.6598137557506562,0.6875819563865662,9,0.9,1,10,10
IAEA_plus_15,15,7,core_term,zh,中子,28,12958,13,15,0.6160902380943298,0.6141723791758219,0.6104661166667938,0.6160902380943298,0,0.0,0,10,10
IAEA_plus_15,15,7,core_term,en,neutron,28,12958,13,15,0.6627007722854614,0.6610876520474752,0.6500552892684937,0.6627007722854614,9,0.9,1,10,10
IAEA_plus_15,15,7,phrase,zh,中子测量电流,28,12958,13,15,0.6651601195335388,0.6639248331387838,0.6605447173118592,0.6651601195335388,0,0.0,0,10,10
IAEA_plus_15,15,7,phrase,en,neutron measurement current,28,12958,13,15,0.6875819563865662,0.6807515223821005,0.6598137557506562,0.6875819563865662,9,0.9,1,10,10
IAEA_plus_15,15,8,core_term,zh,中子,28,17122,13,15,0.6130839586257935,0.6109715104103088,0.6086623966693878,0.6130839586257935,0,0.0,0,10,10
IAEA_plus_15,15,8,core_term,en,neutron,28,17122,13,15,0.6627007722854614,0.6610876520474752,0.6559052288532257,0.6627007722854614,5,0.5,1,10,10
IAEA_plus_15,15,8,phrase,zh,中子测量电流,28,17122,13,15,0.6632525324821472,0.6614739298820496,0.6587863266468048,0.6632525324821472,0,0.0,0,10,10
IAEA_plus_15,15,8,phrase,en,neutron measurement current,28,17122,13,15,0.7035508155822754,0.691765566666921,0.6740899741649627,0.7035508155822754,4,0.4,2,10,10
IAEA_plus_15,15,9,core_term,zh,中子,28,15702,13,15,0.6130839586257935,0.6109715104103088,0.6086623966693878,0.6130839586257935,0,0.0,0,10,10
IAEA_plus_15,15,9,core_term,en,neutron,28,15702,13,15,0.6627007722854614,0.6610876520474752,0.6559052288532257,0.6627007722854614,5,0.5,1,10,10
IAEA_plus_15,15,9,phrase,zh,中子测量电流,28,15702,13,15,0.6632525324821472,0.6614739298820496,0.6589514255523682,0.6632525324821472,0,0.0,0,10,10
IAEA_plus_15,15,9,phrase,en,neutron measurement current,28,15702,13,15,0.7035508155822754,0.691765566666921,0.6740899741649627,0.7035508155822754,4,0.4,2,10,10
IAEA_plus_20,20,0,core_term,zh,中子,33,16280,13,20,0.6130839586257935,0.6109715104103088,0.6086623966693878,0.6130839586257935,0,0.0,0,10,10
IAEA_plus_20,20,0,core_term,en,neutron,33,16280,13,20,0.6627007722854614,0.6610876520474752,0.6546536982059479,0.6627007722854614,5,0.5,1,10,10
IAEA_plus_20,20,0,phrase,zh,中子测量电流,33,16280,13,20,0.6654865145683289,0.663221001625061,0.6597525477409363,0.6654865145683289,0,0.0,0,10,10
IAEA_plus_20,20,0,phrase,en,neutron measurement current,33,16280,13,20,0.6875819563865662,0.6807515223821005,0.6590541124343872,0.6875819563865662,9,0.9,1,10,10
IAEA_plus_20,20,1,core_term,zh,中子,33,17795,13,20,0.6207481026649475,0.6181416908899943,0.613085412979126,0.6207481026649475,0,0.0,0,10,10
IAEA_plus_20,20,1,core_term,en,neutron,33,17795,13,20,0.6627007722854614,0.6614515781402588,0.6578332543373108,0.6627007722854614,3,0.3,1,10,10
IAEA_plus_20,20,1,phrase,zh,中子测量电流,33,17795,13,20,0.6654865145683289,0.6636243065198263,0.661421000957489,0.6654865145683289,0,0.0,0,10,10
IAEA_plus_20,20,1,phrase,en,neutron measurement current,33,17795,13,20,0.7035508155822754,0.691765566666921,0.6740899741649627,0.7035508155822754,4,0.4,2,10,10
IAEA_plus_20,20,2,core_term,zh,中子,33,14637,13,20,0.6207481026649475,0.6181416908899943,0.613085412979126,0.6207481026649475,0,0.0,0,10,10
IAEA_plus_20,20,2,core_term,en,neutron,33,14637,13,20,0.6627007722854614,0.6614515781402588,0.6571417570114135,0.6627007722854614,5,0.5,1,10,10
IAEA_plus_20,20,2,phrase,zh,中子测量电流,33,14637,13,20,0.6654865145683289,0.6636243065198263,0.661421000957489,0.6654865145683289,0,0.0,0,10,10
IAEA_plus_20,20,2,phrase,en,neutron measurement current,33,14637,13,20,0.6875819563865662,0.6807515223821005,0.6598137557506562,0.6875819563865662,9,0.9,1,10,10
IAEA_plus_20,20,3,core_term,zh,中子,33,17851,13,20,0.6160902380943298,0.6142414808273315,0.611646032333374,0.6160902380943298,0,0.0,0,10,10
IAEA_plus_20,20,3,core_term,en,neutron,33,17851,13,20,0.6627007722854614,0.6614515781402588,0.6578332543373108,0.6627007722854614,3,0.3,1,10,10
IAEA_plus_20,20,3,phrase,zh,中子测量电流,33,17851,13,20,0.6651601195335388,0.6640913089116415,0.6618227779865264,0.6651601195335388,0,0.0,0,10,10
IAEA_plus_20,20,3,phrase,en,neutron measurement current,33,17851,13,20,0.7035508155822754,0.691765566666921,0.6740899741649627,0.7035508155822754,4,0.4,2,10,10
IAEA_plus_20,20,4,core_term,zh,中子,33,16054,13,20,0.6207481026649475,0.6181682546933492,0.614764004945755,0.6207481026649475,0,0.0,0,10,10
IAEA_plus_20,20,4,core_term,en,neutron,33,16054,13,20,0.6627007722854614,0.6614515781402588,0.6578332543373108,0.6627007722854614,3,0.3,1,10,10
IAEA_plus_20,20,4,phrase,zh,中子测量电流,33,16054,13,20,0.6651601195335388,0.6640913089116415,0.6624690413475036,0.6651601195335388,0,0.0,0,10,10
IAEA_plus_20,20,4,phrase,en,neutron measurement current,33,16054,13,20,0.7035508155822754,0.691765566666921,0.6757889211177825,0.7035508155822754,3,0.3,2,10,10
IAEA_plus_20,20,5,core_term,zh,中子,33,14987,13,20,0.6207481026649475,0.6181416908899943,0.613085412979126,0.6207481026649475,0,0.0,0,10,10
IAEA_plus_20,20,5,core_term,en,neutron,33,14987,13,20,0.6627007722854614,0.6614515781402588,0.6571417570114135,0.6627007722854614,5,0.5,1,10,10
IAEA_plus_20,20,5,phrase,zh,中子测量电流,33,14987,13,20,0.6632525324821472,0.6624835928281149,0.6607473373413086,0.6632525324821472,0,0.0,0,10,10
IAEA_plus_20,20,5,phrase,en,neutron measurement current,33,14987,13,20,0.6875819563865662,0.6807515223821005,0.662755012512207,0.6875819563865662,8,0.8,1,10,10
IAEA_plus_20,20,6,core_term,zh,中子,33,14012,13,20,0.6160902380943298,0.6141723791758219,0.6104661166667938,0.6160902380943298,0,0.0,0,10,10
IAEA_plus_20,20,6,core_term,en,neutron,33,14012,13,20,0.6627007722854614,0.6610876520474752,0.649569284915924,0.6627007722854614,10,1.0,1,10,10
IAEA_plus_20,20,6,phrase,zh,中子测量电流,33,14012,13,20,0.6654865145683289,0.6648359696070353,0.6614876747131347,0.6654865145683289,0,0.0,0,10,10
IAEA_plus_20,20,6,phrase,en,neutron measurement current,33,14012,13,20,0.6875819563865662,0.6807515223821005,0.6590442776679992,0.6875819563865662,10,1.0,1,10,10
IAEA_plus_20,20,7,core_term,zh,中子,33,14591,13,20,0.6130839586257935,0.6109715104103088,0.6086623966693878,0.6130839586257935,0,0.0,0,10,10
IAEA_plus_20,20,7,core_term,en,neutron,33,14591,13,20,0.6627007722854614,0.6610876520474752,0.6559052288532257,0.6627007722854614,5,0.5,1,10,10
IAEA_plus_20,20,7,phrase,zh,中子测量电流,33,14591,13,20,0.6632525324821472,0.6614739298820496,0.6589514255523682,0.6632525324821472,0,0.0,0,10,10
IAEA_plus_20,20,7,phrase,en,neutron measurement current,33,14591,13,20,0.7035508155822754,0.691765566666921,0.6757889211177825,0.7035508155822754,3,0.3,2,10,10
IAEA_plus_20,20,8,core_term,zh,中子,33,14480,13,20,0.6160902380943298,0.6141723791758219,0.6104661166667938,0.6160902380943298,0,0.0,0,10,10
IAEA_plus_20,20,8,core_term,en,neutron,33,14480,13,20,0.6627007722854614,0.6614515781402588,0.6555194616317749,0.6627007722854614,5,0.5,1,10,10
IAEA_plus_20,20,8,phrase,zh,中子测量电流,33,14480,13,20,0.6654865145683289,0.6648359696070353,0.6613559126853943,0.6654865145683289,0,0.0,0,10,10
IAEA_plus_20,20,8,phrase,en,neutron measurement current,33,14480,13,20,0.7035508155822754,0.691765566666921,0.6740899741649627,0.7035508155822754,4,0.4,2,10,10
IAEA_plus_20,20,9,core_term,zh,中子,33,19082,13,20,0.6130839586257935,0.6109715104103088,0.6086623966693878,0.6130839586257935,0,0.0,0,10,10
IAEA_plus_20,20,9,core_term,en,neutron,33,19082,13,20,0.6627007722854614,0.6610876520474752,0.6559052288532257,0.6627007722854614,5,0.5,1,10,10
IAEA_plus_20,20,9,phrase,zh,中子测量电流,33,19082,13,20,0.6654865145683289,0.663221001625061,0.6598642468452454,0.6654865145683289,0,0.0,0,10,10
IAEA_plus_20,20,9,phrase,en,neutron measurement current,33,19082,13,20,0.7035508155822754,0.691765566666921,0.6740899741649627,0.7035508155822754,4,0.4,2,10,10
IAEA_plus_25,25,0,core_term,zh,中子,38,22460,13,25,0.6160902380943298,0.6142414808273315,0.611646032333374,0.6160902380943298,0,0.0,0,10,10
IAEA_plus_25,25,0,core_term,en,neutron,38,22460,13,25,0.6627007722854614,0.6610876520474752,0.6559052288532257,0.6627007722854614,5,0.5,1,10,10
IAEA_plus_25,25,0,phrase,zh,中子测量电流,38,22460,13,25,0.6651601195335388,0.6640913089116415,0.6618227779865264,0.6651601195335388,0,0.0,0,10,10
IAEA_plus_25,25,0,phrase,en,neutron measurement current,38,22460,13,25,0.7035508155822754,0.691765566666921,0.6740899741649627,0.7035508155822754,4,0.4,2,10,10
IAEA_plus_25,25,1,core_term,zh,中子,38,18720,13,25,0.6031417846679688,0.593207577864329,0.5776484370231628,0.6031417846679688,0,0.0,0,10,10
IAEA_plus_25,25,1,core_term,en,neutron,38,18720,13,25,0.6627007722854614,0.6614515781402588,0.6555194616317749,0.6627007722854614,5,0.5,1,10,10
IAEA_plus_25,25,1,phrase,zh,中子测量电流,38,18720,13,25,0.6654865145683289,0.6457687020301819,0.6198750436306,0.6654865145683289,0,0.0,0,10,10
IAEA_plus_25,25,1,phrase,en,neutron measurement current,38,18720,13,25,0.7035508155822754,0.691765566666921,0.6757889211177825,0.7035508155822754,3,0.3,2,10,10
IAEA_plus_25,25,2,core_term,zh,中子,38,17411,13,25,0.6207481026649475,0.6181416908899943,0.613085412979126,0.6207481026649475,0,0.0,0,10,10
IAEA_plus_25,25,2,core_term,en,neutron,38,17411,13,25,0.6627007722854614,0.6614515781402588,0.6578332543373108,0.6627007722854614,3,0.3,1,10,10
IAEA_plus_25,25,2,phrase,zh,中子测量电流,38,17411,13,25,0.6654865145683289,0.6636243065198263,0.661421000957489,0.6654865145683289,0,0.0,0,10,10
IAEA_plus_25,25,2,phrase,en,neutron measurement current,38,17411,13,25,0.7035508155822754,0.691765566666921,0.6740899741649627,0.7035508155822754,4,0.4,2,10,10
IAEA_plus_25,25,3,core_term,zh,中子,38,16333,13,25,0.6031417846679688,0.6024765372276306,0.5924866318702697,0.6031417846679688,0,0.0,0,10,10
IAEA_plus_25,25,3,core_term,en,neutron,38,16333,13,25,0.6627007722854614,0.6610876520474752,0.6526248991489411,0.6627007722854614,6,0.6,1,10,10
IAEA_plus_25,25,3,phrase,zh,中子测量电流,38,16333,13,25,0.6654865145683289,0.6597064932187399,0.6456707239151,0.6654865145683289,0,0.0,0,10,10
IAEA_plus_25,25,3,phrase,en,neutron measurement current,38,16333,13,25,0.7035508155822754,0.691765566666921,0.6757889211177825,0.7035508155822754,3,0.3,2,10,10
IAEA_plus_25,25,4,core_term,zh,中子,38,20614,13,25,0.6207481026649475,0.6181416908899943,0.6119520425796509,0.6207481026649475,0,0.0,0,10,10
IAEA_plus_25,25,4,core_term,en,neutron,38,20614,13,25,0.6627007722854614,0.6614515781402588,0.6539117813110351,0.6627007722854614,6,0.6,1,10,10
IAEA_plus_25,25,4,phrase,zh,中子测量电流,38,20614,13,25,0.6621338725090027,0.6619506279627482,0.6593281269073487,0.6621338725090027,0,0.0,0,10,10
IAEA_plus_25,25,4,phrase,en,neutron measurement current,38,20614,13,25,0.6875819563865662,0.6807515223821005,0.6632564127445221,0.6875819563865662,7,0.7,1,10,10
IAEA_plus_25,25,5,core_term,zh,中子,38,20258,13,25,0.6130839586257935,0.6109715104103088,0.6086623966693878,0.6130839586257935,0,0.0,0,10,10
IAEA_plus_25,25,5,core_term,en,neutron,38,20258,13,25,0.6627007722854614,0.6610876520474752,0.6546536982059479,0.6627007722854614,5,0.5,1,10,10
IAEA_plus_25,25,5,phrase,zh,中子测量电流,38,20258,13,25,0.6632525324821472,0.6614739298820496,0.6589514255523682,0.6632525324821472,0,0.0,0,10,10
IAEA_plus_25,25,5,phrase,en,neutron measurement current,38,20258,13,25,0.6875819563865662,0.6807515223821005,0.6633497059345246,0.6875819563865662,7,0.7,1,10,10
IAEA_plus_25,25,6,core_term,zh,中子,38,19992,13,25,0.6207481026649475,0.6181682546933492,0.6144217610359192,0.6207481026649475,0,0.0,0,10,10
IAEA_plus_25,25,6,core_term,en,neutron,38,19992,13,25,0.6627007722854614,0.6614515781402588,0.6557827115058898,0.6627007722854614,5,0.5,1,10,10
IAEA_plus_25,25,6,phrase,zh,中子测量电流,38,19992,13,25,0.6651601195335388,0.6639248331387838,0.6619849860668182,0.6651601195335388,0,0.0,0,10,10
IAEA_plus_25,25,6,phrase,en,neutron measurement current,38,19992,13,25,0.7035508155822754,0.691765566666921,0.6757889211177825,0.7035508155822754,3,0.3,2,10,10
IAEA_plus_25,25,7,core_term,zh,中子,38,17049,13,25,0.6130839586257935,0.6109715104103088,0.6086623966693878,0.6130839586257935,0,0.0,0,10,10
IAEA_plus_25,25,7,core_term,en,neutron,38,17049,13,25,0.6627007722854614,0.6610876520474752,0.6559052288532257,0.6627007722854614,5,0.5,1,10,10
IAEA_plus_25,25,7,phrase,zh,中子测量电流,38,17049,13,25,0.6632525324821472,0.6614739298820496,0.6589514255523682,0.6632525324821472,0,0.0,0,10,10
IAEA_plus_25,25,7,phrase,en,neutron measurement current,38,17049,13,25,0.7035508155822754,0.691765566666921,0.6740899741649627,0.7035508155822754,4,0.4,2,10,10
IAEA_plus_25,25,8,core_term,zh,中子,38,19616,13,25,0.576902449131012,0.5747781793276469,0.5710408926010132,0.576902449131012,0,0.0,0,10,10
IAEA_plus_25,25,8,core_term,en,neutron,38,19616,13,25,0.6627007722854614,0.6614515781402588,0.6539117813110351,0.6627007722854614,6,0.6,1,10,10
IAEA_plus_25,25,8,phrase,zh,中子测量电流,38,19616,13,25,0.6156619191169739,0.6132459044456482,0.607781457901001,0.6156619191169739,0,0.0,0,10,10
IAEA_plus_25,25,8,phrase,en,neutron measurement current,38,19616,13,25,0.6875819563865662,0.6807515223821005,0.6638081490993499,0.6875819563865662,6,0.6,1,10,10
IAEA_plus_25,25,9,core_term,zh,中子,38,15935,13,25,0.6160902380943298,0.6142414808273315,0.611646032333374,0.6160902380943298,0,0.0,0,10,10
IAEA_plus_25,25,9,core_term,en,neutron,38,15935,13,25,0.6627007722854614,0.6614515781402588,0.6578332543373108,0.6627007722854614,3,0.3,1,10,10
IAEA_plus_25,25,9,phrase,zh,中子测量电流,38,15935,13,25,0.6651601195335388,0.6640913089116415,0.6618227779865264,0.6651601195335388,0,0.0,0,10,10
IAEA_plus_25,25,9,phrase,en,neutron measurement current,38,15935,13,25,0.7035508155822754,0.691765566666921,0.6740899741649627,0.7035508155822754,4,0.4,2,10,10
IAEA_plus_30,30,0,core_term,zh,中子,43,21461,13,30,0.6160902380943298,0.6141723791758219,0.6104661166667938,0.6160902380943298,0,0.0,0,10,10
IAEA_plus_30,30,0,core_term,en,neutron,43,21461,13,30,0.6627007722854614,0.6614515781402588,0.6557827115058898,0.6627007722854614,5,0.5,1,10,10
IAEA_plus_30,30,0,phrase,zh,中子测量电流,43,21461,13,30,0.6651601195335388,0.6639248331387838,0.6603902041912079,0.6651601195335388,0,0.0,0,10,10
IAEA_plus_30,30,0,phrase,en,neutron measurement current,43,21461,13,30,0.7035508155822754,0.691765566666921,0.6757889211177825,0.7035508155822754,3,0.3,2,10,10
IAEA_plus_30,30,1,core_term,zh,中子,43,20148,13,30,0.6160902380943298,0.6142414808273315,0.611646032333374,0.6160902380943298,0,0.0,0,10,10
IAEA_plus_30,30,1,core_term,en,neutron,43,20148,13,30,0.6627007722854614,0.6614515781402588,0.6571417570114135,0.6627007722854614,5,0.5,1,10,10
IAEA_plus_30,30,1,phrase,zh,中子测量电流,43,20148,13,30,0.6654865145683289,0.6648359696070353,0.6624203860759735,0.6654865145683289,0,0.0,0,10,10
IAEA_plus_30,30,1,phrase,en,neutron measurement current,43,20148,13,30,0.6875819563865662,0.6807515223821005,0.6632564127445221,0.6875819563865662,7,0.7,1,10,10
IAEA_plus_30,30,2,core_term,zh,中子,43,20639,13,30,0.6160902380943298,0.6142414808273315,0.611646032333374,0.6160902380943298,0,0.0,0,10,10
IAEA_plus_30,30,2,core_term,en,neutron,43,20639,13,30,0.6627007722854614,0.6614515781402588,0.6571417570114135,0.6627007722854614,5,0.5,1,10,10
IAEA_plus_30,30,2,phrase,zh,中子测量电流,43,20639,13,30,0.6654865145683289,0.6648359696070353,0.6624203860759735,0.6654865145683289,0,0.0,0,10,10
IAEA_plus_30,30,2,phrase,en,neutron measurement current,43,20639,13,30,0.6875819563865662,0.6807515223821005,0.6638081490993499,0.6875819563865662,6,0.6,1,10,10
IAEA_plus_30,30,3,core_term,zh,中子,43,17344,13,30,0.6160902380943298,0.6142414808273315,0.611646032333374,0.6160902380943298,0,0.0,0,10,10
IAEA_plus_30,30,3,core_term,en,neutron,43,17344,13,30,0.6627007722854614,0.6614515781402588,0.6578332543373108,0.6627007722854614,3,0.3,1,10,10
IAEA_plus_30,30,3,phrase,zh,中子测量电流,43,17344,13,30,0.6651601195335388,0.6640913089116415,0.6618227779865264,0.6651601195335388,0,0.0,0,10,10
IAEA_plus_30,30,3,phrase,en,neutron measurement current,43,17344,13,30,0.7035508155822754,0.691765566666921,0.6740899741649627,0.7035508155822754,4,0.4,2,10,10
IAEA_plus_30,30,4,core_term,zh,中子,43,18976,13,30,0.6207481026649475,0.6181682546933492,0.6144217610359192,0.6207481026649475,0,0.0,0,10,10
IAEA_plus_30,30,4,core_term,en,neutron,43,18976,13,30,0.6627007722854614,0.6614515781402588,0.6555698156356812,0.6627007722854614,5,0.5,1,10,10
IAEA_plus_30,30,4,phrase,zh,中子测量电流,43,18976,13,30,0.6654865145683289,0.6648359696070353,0.6625637829303741,0.6654865145683289,0,0.0,0,10,10
IAEA_plus_30,30,4,phrase,en,neutron measurement current,43,18976,13,30,0.7035508155822754,0.691765566666921,0.6740899741649627,0.7035508155822754,4,0.4,2,10,10
IAEA_plus_30,30,5,core_term,zh,中子,43,20176,13,30,0.6160902380943298,0.6142414808273315,0.611646032333374,0.6160902380943298,0,0.0,0,10,10
IAEA_plus_30,30,5,core_term,en,neutron,43,20176,13,30,0.6627007722854614,0.6614515781402588,0.6571417570114135,0.6627007722854614,5,0.5,1,10,10
IAEA_plus_30,30,5,phrase,zh,中子测量电流,43,20176,13,30,0.6654865145683289,0.6648359696070353,0.6624203860759735,0.6654865145683289,0,0.0,0,10,10
IAEA_plus_30,30,5,phrase,en,neutron measurement current,43,20176,13,30,0.6875819563865662,0.6807515223821005,0.6638081490993499,0.6875819563865662,6,0.6,1,10,10
IAEA_plus_30,30,6,core_term,zh,中子,43,20748,13,30,0.6130839586257935,0.6109715104103088,0.6086623966693878,0.6130839586257935,0,0.0,0,10,10
IAEA_plus_30,30,6,core_term,en,neutron,43,20748,13,30,0.6627007722854614,0.6610876520474752,0.6559052288532257,0.6627007722854614,5,0.5,1,10,10
IAEA_plus_30,30,6,phrase,zh,中子测量电流,43,20748,13,30,0.6654865145683289,0.663221001625061,0.6597525477409363,0.6654865145683289,0,0.0,0,10,10
IAEA_plus_30,30,6,phrase,en,neutron measurement current,43,20748,13,30,0.7035508155822754,0.691765566666921,0.6757889211177825,0.7035508155822754,3,0.3,2,10,10
IAEA_plus_30,30,7,core_term,zh,中子,43,22575,13,30,0.6207481026649475,0.6181416908899943,0.613085412979126,0.6207481026649475,0,0.0,0,10,10
IAEA_plus_30,30,7,core_term,en,neutron,43,22575,13,30,0.6627007722854614,0.6610876520474752,0.6559052288532257,0.6627007722854614,5,0.5,1,10,10
IAEA_plus_30,30,7,phrase,zh,中子测量电流,43,22575,13,30,0.6654865145683289,0.6636243065198263,0.661421000957489,0.6654865145683289,0,0.0,0,10,10
IAEA_plus_30,30,7,phrase,en,neutron measurement current,43,22575,13,30,0.7035508155822754,0.691765566666921,0.6757889211177825,0.7035508155822754,3,0.3,2,10,10
IAEA_plus_30,30,8,core_term,zh,中子,43,21851,13,30,0.6207481026649475,0.6181416908899943,0.613085412979126,0.6207481026649475,0,0.0,0,10,10
IAEA_plus_30,30,8,core_term,en,neutron,43,21851,13,30,0.6627007722854614,0.6610876520474752,0.6559052288532257,0.6627007722854614,5,0.5,1,10,10
IAEA_plus_30,30,8,phrase,zh,中子测量电流,43,21851,13,30,0.6654865145683289,0.6636243065198263,0.661421000957489,0.6654865145683289,0,0.0,0,10,10
IAEA_plus_30,30,8,phrase,en,neutron measurement current,43,21851,13,30,0.7035508155822754,0.691765566666921,0.6740899741649627,0.7035508155822754,4,0.4,2,10,10
IAEA_plus_30,30,9,core_term,zh,中子,43,19678,13,30,0.6207481026649475,0.6181682546933492,0.614764004945755,0.6207481026649475,0,0.0,0,10,10
IAEA_plus_30,30,9,core_term,en,neutron,43,19678,13,30,0.6627007722854614,0.6610876520474752,0.6559052288532257,0.6627007722854614,5,0.5,1,10,10
IAEA_plus_30,30,9,phrase,zh,中子测量电流,43,19678,13,30,0.6654865145683289,0.6648359696070353,0.6629931628704071,0.6654865145683289,0,0.0,0,10,10
IAEA_plus_30,30,9,phrase,en,neutron measurement current,43,19678,13,30,0.7035508155822754,0.691765566666921,0.6757889211177825,0.7035508155822754,3,0.3,2,10,10
IAEA_plus_35,35,0,core_term,zh,中子,48,23182,13,35,0.6207481026649475,0.6181416908899943,0.613085412979126,0.6207481026649475,0,0.0,0,10,10
IAEA_plus_35,35,0,core_term,en,neutron,48,23182,13,35,0.6627007722854614,0.6614515781402588,0.6578332543373108,0.6627007722854614,3,0.3,1,10,10
IAEA_plus_35,35,0,phrase,zh,中子测量电流,48,23182,13,35,0.6632525324821472,0.6624835928281149,0.6607473373413086,0.6632525324821472,0,0.0,0,10,10
IAEA_plus_35,35,0,phrase,en,neutron measurement current,48,23182,13,35,0.7035508155822754,0.691765566666921,0.6757889211177825,0.7035508155822754,3,0.3,2,10,10
IAEA_plus_35,35,1,core_term,zh,中子,48,21706,13,35,0.6207481026649475,0.6181682546933492,0.6144217610359192,0.6207481026649475,0,0.0,0,10,10
IAEA_plus_35,35,1,core_term,en,neutron,48,21706,13,35,0.6627007722854614,0.6614515781402588,0.6539117813110351,0.6627007722854614,6,0.6,1,10,10
IAEA_plus_35,35,1,phrase,zh,中子测量电流,48,21706,13,35,0.6654865145683289,0.6648359696070353,0.6625637829303741,0.6654865145683289,0,0.0,0,10,10
IAEA_plus_35,35,1,phrase,en,neutron measurement current,48,21706,13,35,0.6875819563865662,0.6807515223821005,0.6632564127445221,0.6875819563865662,7,0.7,1,10,10
IAEA_plus_35,35,2,core_term,zh,中子,48,19161,13,35,0.6207481026649475,0.6181416908899943,0.6119520425796509,0.6207481026649475,0,0.0,0,10,10
IAEA_plus_35,35,2,core_term,en,neutron,48,19161,13,35,0.6627007722854614,0.6614515781402588,0.6555194616317749,0.6627007722854614,5,0.5,1,10,10
IAEA_plus_35,35,2,phrase,zh,中子测量电流,48,19161,13,35,0.6654865145683289,0.6632282535235087,0.6601490259170533,0.6654865145683289,0,0.0,0,10,10
IAEA_plus_35,35,2,phrase,en,neutron measurement current,48,19161,13,35,0.7035508155822754,0.691765566666921,0.6740899741649627,0.7035508155822754,4,0.4,2,10,10
IAEA_plus_35,35,3,core_term,zh,中子,48,22556,13,35,0.6160902380943298,0.6142414808273315,0.611646032333374,0.6160902380943298,0,0.0,0,10,10
IAEA_plus_35,35,3,core_term,en,neutron,48,22556,13,35,0.6627007722854614,0.6614515781402588,0.6571417570114135,0.6627007722854614,5,0.5,1,10,10
IAEA_plus_35,35,3,phrase,zh,中子测量电流,48,22556,13,35,0.6651601195335388,0.6640913089116415,0.6618227779865264,0.6651601195335388,0,0.0,0,10,10
IAEA_plus_35,35,3,phrase,en,neutron measurement current,48,22556,13,35,0.6875819563865662,0.6807515223821005,0.6632564127445221,0.6875819563865662,7,0.7,1,10,10
IAEA_plus_35,35,4,core_term,zh,中子,48,23167,13,35,0.6160902380943298,0.6142414808273315,0.611646032333374,0.6160902380943298,0,0.0,0,10,10
IAEA_plus_35,35,4,core_term,en,neutron,48,23167,13,35,0.6627007722854614,0.6614515781402588,0.6578332543373108,0.6627007722854614,3,0.3,1,10,10
IAEA_plus_35,35,4,phrase,zh,中子测量电流,48,23167,13,35,0.6654865145683289,0.6648359696070353,0.6624203860759735,0.6654865145683289,0,0.0,0,10,10
IAEA_plus_35,35,4,phrase,en,neutron measurement current,48,23167,13,35,0.7035508155822754,0.691765566666921,0.6757889211177825,0.7035508155822754,3,0.3,2,10,10
IAEA_plus_35,35,5,core_term,zh,中子,48,20755,13,35,0.6207481026649475,0.6181682546933492,0.614764004945755,0.6207481026649475,0,0.0,0,10,10
IAEA_plus_35,35,5,core_term,en,neutron,48,20755,13,35,0.6627007722854614,0.6614515781402588,0.6578332543373108,0.6627007722854614,3,0.3,1,10,10
IAEA_plus_35,35,5,phrase,zh,中子测量电流,48,20755,13,35,0.6654865145683289,0.6648359696070353,0.6629931628704071,0.6654865145683289,0,0.0,0,10,10
IAEA_plus_35,35,5,phrase,en,neutron measurement current,48,20755,13,35,0.7035508155822754,0.691765566666921,0.6757889211177825,0.7035508155822754,3,0.3,2,10,10
IAEA_plus_35,35,6,core_term,zh,中子,48,27029,13,35,0.6207481026649475,0.6181682546933492,0.614764004945755,0.6207481026649475,0,0.0,0,10,10
IAEA_plus_35,35,6,core_term,en,neutron,48,27029,13,35,0.6627007722854614,0.6614515781402588,0.6578332543373108,0.6627007722854614,3,0.3,1,10,10
IAEA_plus_35,35,6,phrase,zh,中子测量电流,48,27029,13,35,0.6651601195335388,0.6640913089116415,0.6624690413475036,0.6651601195335388,0,0.0,0,10,10
IAEA_plus_35,35,6,phrase,en,neutron measurement current,48,27029,13,35,0.7035508155822754,0.691765566666921,0.6757889211177825,0.7035508155822754,3,0.3,2,10,10
IAEA_plus_35,35,7,core_term,zh,中子,48,24967,13,35,0.6207481026649475,0.6181682546933492,0.614764004945755,0.6207481026649475,0,0.0,0,10,10
IAEA_plus_35,35,7,core_term,en,neutron,48,24967,13,35,0.6627007722854614,0.6614515781402588,0.6571417570114135,0.6627007722854614,5,0.5,1,10,10
IAEA_plus_35,35,7,phrase,zh,中子测量电流,48,24967,13,35,0.6651601195335388,0.6640913089116415,0.6624690413475036,0.6651601195335388,0,0.0,0,10,10
IAEA_plus_35,35,7,phrase,en,neutron measurement current,48,24967,13,35,0.6875819563865662,0.6807515223821005,0.6632564127445221,0.6875819563865662,7,0.7,1,10,10
IAEA_plus_35,35,8,core_term,zh,中子,48,23515,13,35,0.6207481026649475,0.6181682546933492,0.614764004945755,0.6207481026649475,0,0.0,0,10,10
IAEA_plus_35,35,8,core_term,en,neutron,48,23515,13,35,0.6627007722854614,0.6614515781402588,0.6578332543373108,0.6627007722854614,3,0.3,1,10,10
IAEA_plus_35,35,8,phrase,zh,中子测量电流,48,23515,13,35,0.6651601195335388,0.6640913089116415,0.6624690413475036,0.6651601195335388,0,0.0,0,10,10
IAEA_plus_35,35,8,phrase,en,neutron measurement current,48,23515,13,35,0.7035508155822754,0.691765566666921,0.6757889211177825,0.7035508155822754,3,0.3,2,10,10
IAEA_plus_35,35,9,core_term,zh,中子,48,26472,13,35,0.6207481026649475,0.6181682546933492,0.614764004945755,0.6207481026649475,0,0.0,0,10,10
IAEA_plus_35,35,9,core_term,en,neutron,48,26472,13,35,0.6627007722854614,0.6614515781402588,0.6571417570114135,0.6627007722854614,5,0.5,1,10,10
IAEA_plus_35,35,9,phrase,zh,中子测量电流,48,26472,13,35,0.6651601195335388,0.6640913089116415,0.6624690413475036,0.6651601195335388,0,0.0,0,10,10
IAEA_plus_35,35,9,phrase,en,neutron measurement current,48,26472,13,35,0.6875819563865662,0.6807515223821005,0.6638081490993499,0.6875819563865662,6,0.6,1,10,10
IAEA_plus_40,40,0,core_term,zh,中子,53,24522,13,40,0.6207481026649475,0.6181416908899943,0.613085412979126,0.6207481026649475,0,0.0,0,10,10
IAEA_plus_40,40,0,core_term,en,neutron,53,24522,13,40,0.6627007722854614,0.6610876520474752,0.6559052288532257,0.6627007722854614,5,0.5,1,10,10
IAEA_plus_40,40,0,phrase,zh,中子测量电流,53,24522,13,40,0.6654865145683289,0.6636243065198263,0.661421000957489,0.6654865145683289,0,0.0,0,10,10
IAEA_plus_40,40,0,phrase,en,neutron measurement current,53,24522,13,40,0.7035508155822754,0.691765566666921,0.6757889211177825,0.7035508155822754,3,0.3,2,10,10
IAEA_plus_40,40,1,core_term,zh,中子,53,23502,13,40,0.6207481026649475,0.6181682546933492,0.614764004945755,0.6207481026649475,0,0.0,0,10,10
IAEA_plus_40,40,1,core_term,en,neutron,53,23502,13,40,0.6627007722854614,0.6614515781402588,0.6578332543373108,0.6627007722854614,3,0.3,1,10,10
IAEA_plus_40,40,1,phrase,zh,中子测量电流,53,23502,13,40,0.6654865145683289,0.6648359696070353,0.6629931628704071,0.6654865145683289,0,0.0,0,10,10
IAEA_plus_40,40,1,phrase,en,neutron measurement current,53,23502,13,40,0.7035508155822754,0.691765566666921,0.6757889211177825,0.7035508155822754,3,0.3,2,10,10
IAEA_plus_40,40,2,core_term,zh,中子,53,24759,13,40,0.6207481026649475,0.6181416908899943,0.613085412979126,0.6207481026649475,0,0.0,0,10,10
IAEA_plus_40,40,2,core_term,en,neutron,53,24759,13,40,0.6627007722854614,0.6614515781402588,0.6578332543373108,0.6627007722854614,3,0.3,1,10,10
IAEA_plus_40,40,2,phrase,zh,中子测量电流,53,24759,13,40,0.6654865145683289,0.6636243065198263,0.661421000957489,0.6654865145683289,0,0.0,0,10,10
IAEA_plus_40,40,2,phrase,en,neutron measurement current,53,24759,13,40,0.7035508155822754,0.691765566666921,0.6757889211177825,0.7035508155822754,3,0.3,2,10,10
IAEA_plus_40,40,3,core_term,zh,中子,53,25758,13,40,0.6207481026649475,0.6181682546933492,0.614764004945755,0.6207481026649475,0,0.0,0,10,10
IAEA_plus_40,40,3,core_term,en,neutron,53,25758,13,40,0.6627007722854614,0.6614515781402588,0.6578332543373108,0.6627007722854614,3,0.3,1,10,10
IAEA_plus_40,40,3,phrase,zh,中子测量电流,53,25758,13,40,0.6654865145683289,0.6648359696070353,0.6629931628704071,0.6654865145683289,0,0.0,0,10,10
IAEA_plus_40,40,3,phrase,en,neutron measurement current,53,25758,13,40,0.7035508155822754,0.691765566666921,0.6757889211177825,0.7035508155822754,3,0.3,2,10,10
IAEA_plus_40,40,4,core_term,zh,中子,53,25943,13,40,0.6160902380943298,0.6142414808273315,0.611646032333374,0.6160902380943298,0,0.0,0,10,10
IAEA_plus_40,40,4,core_term,en,neutron,53,25943,13,40,0.6627007722854614,0.6614515781402588,0.6578332543373108,0.6627007722854614,3,0.3,1,10,10
IAEA_plus_40,40,4,phrase,zh,中子测量电流,53,25943,13,40,0.6654865145683289,0.6648359696070353,0.6624203860759735,0.6654865145683289,0,0.0,0,10,10
IAEA_plus_40,40,4,phrase,en,neutron measurement current,53,25943,13,40,0.7035508155822754,0.691765566666921,0.6740899741649627,0.7035508155822754,4,0.4,2,10,10
IAEA_plus_40,40,5,core_term,zh,中子,53,21863,13,40,0.6160902380943298,0.6142414808273315,0.611646032333374,0.6160902380943298,0,0.0,0,10,10
IAEA_plus_40,40,5,core_term,en,neutron,53,21863,13,40,0.6627007722854614,0.6614515781402588,0.6578332543373108,0.6627007722854614,3,0.3,1,10,10
IAEA_plus_40,40,5,phrase,zh,中子测量电流,53,21863,13,40,0.6654865145683289,0.6648359696070353,0.6624203860759735,0.6654865145683289,0,0.0,0,10,10
IAEA_plus_40,40,5,phrase,en,neutron measurement current,53,21863,13,40,0.7035508155822754,0.691765566666921,0.6757889211177825,0.7035508155822754,3,0.3,2,10,10
IAEA_plus_40,40,6,core_term,zh,中子,53,24041,13,40,0.6207481026649475,0.6181682546933492,0.6144217610359192,0.6207481026649475,0,0.0,0,10,10
IAEA_plus_40,40,6,core_term,en,neutron,53,24041,13,40,0.6627007722854614,0.6614515781402588,0.6555698156356812,0.6627007722854614,5,0.5,1,10,10
IAEA_plus_40,40,6,phrase,zh,中子测量电流,53,24041,13,40,0.6654865145683289,0.6648359696070353,0.6625637829303741,0.6654865145683289,0,0.0,0,10,10
IAEA_plus_40,40,6,phrase,en,neutron measurement current,53,24041,13,40,0.7035508155822754,0.691765566666921,0.6757889211177825,0.7035508155822754,3,0.3,2,10,10
IAEA_plus_40,40,7,core_term,zh,中子,53,25122,13,40,0.6207481026649475,0.6181416908899943,0.613085412979126,0.6207481026649475,0,0.0,0,10,10
IAEA_plus_40,40,7,core_term,en,neutron,53,25122,13,40,0.6627007722854614,0.6614515781402588,0.6578332543373108,0.6627007722854614,3,0.3,1,10,10
IAEA_plus_40,40,7,phrase,zh,中子测量电流,53,25122,13,40,0.6654865145683289,0.6636243065198263,0.661421000957489,0.6654865145683289,0,0.0,0,10,10
IAEA_plus_40,40,7,phrase,en,neutron measurement current,53,25122,13,40,0.7035508155822754,0.691765566666921,0.6757889211177825,0.7035508155822754,3,0.3,2,10,10
IAEA_plus_40,40,8,core_term,zh,中子,53,26746,13,40,0.6207481026649475,0.6181682546933492,0.614764004945755,0.6207481026649475,0,0.0,0,10,10
IAEA_plus_40,40,8,core_term,en,neutron,53,26746,13,40,0.6627007722854614,0.6610876520474752,0.6546536982059479,0.6627007722854614,5,0.5,1,10,10
IAEA_plus_40,40,8,phrase,zh,中子测量电流,53,26746,13,40,0.6654865145683289,0.6648359696070353,0.6629931628704071,0.6654865145683289,0,0.0,0,10,10
IAEA_plus_40,40,8,phrase,en,neutron measurement current,53,26746,13,40,0.6875819563865662,0.6807515223821005,0.6638081490993499,0.6875819563865662,6,0.6,1,10,10
IAEA_plus_40,40,9,core_term,zh,中子,53,24795,13,40,0.6207481026649475,0.6181682546933492,0.614764004945755,0.6207481026649475,0,0.0,0,10,10
IAEA_plus_40,40,9,core_term,en,neutron,53,24795,13,40,0.6627007722854614,0.6614515781402588,0.6571417570114135,0.6627007722854614,5,0.5,1,10,10
IAEA_plus_40,40,9,phrase,zh,中子测量电流,53,24795,13,40,0.6654865145683289,0.6648359696070353,0.6629931628704071,0.6654865145683289,0,0.0,0,10,10
IAEA_plus_40,40,9,phrase,en,neutron measurement current,53,24795,13,40,0.6875819563865662,0.6807515223821005,0.6590541124343872,0.6875819563865662,9,0.9,1,10,10
IAEA_plus_45,45,0,core_term,zh,中子,58,26145,13,45,0.6207481026649475,0.6181682546933492,0.614764004945755,0.6207481026649475,0,0.0,0,10,10
IAEA_plus_45,45,0,core_term,en,neutron,58,26145,13,45,0.6627007722854614,0.6614515781402588,0.6578332543373108,0.6627007722854614,3,0.3,1,10,10
IAEA_plus_45,45,0,phrase,zh,中子测量电流,58,26145,13,45,0.6654865145683289,0.6648359696070353,0.6629931628704071,0.6654865145683289,0,0.0,0,10,10
IAEA_plus_45,45,0,phrase,en,neutron measurement current,58,26145,13,45,0.7035508155822754,0.691765566666921,0.6757889211177825,0.7035508155822754,3,0.3,2,10,10
IAEA_plus_45,45,1,core_term,zh,中子,58,25053,13,45,0.6207481026649475,0.6181682546933492,0.6144217610359192,0.6207481026649475,0,0.0,0,10,10
IAEA_plus_45,45,1,core_term,en,neutron,58,25053,13,45,0.6627007722854614,0.6610876520474752,0.6527885854244232,0.6627007722854614,5,0.5,1,10,10
IAEA_plus_45,45,1,phrase,zh,中子测量电流,58,25053,13,45,0.6654865145683289,0.6648359696070353,0.6625637829303741,0.6654865145683289,0,0.0,0,10,10
IAEA_plus_45,45,1,phrase,en,neutron measurement current,58,25053,13,45,0.7035508155822754,0.691765566666921,0.6757889211177825,0.7035508155822754,3,0.3,2,10,10
IAEA_plus_45,45,2,core_term,zh,中子,58,24642,13,45,0.6207481026649475,0.6181682546933492,0.6144217610359192,0.6207481026649475,0,0.0,0,10,10
IAEA_plus_45,45,2,core_term,en,neutron,58,24642,13,45,0.6627007722854614,0.6614515781402588,0.6557827115058898,0.6627007722854614,5,0.5,1,10,10
IAEA_plus_45,45,2,phrase,zh,中子测量电流,58,24642,13,45,0.6654865145683289,0.6648359696070353,0.6625637829303741,0.6654865145683289,0,0.0,0,10,10
IAEA_plus_45,45,2,phrase,en,neutron measurement current,58,24642,13,45,0.7035508155822754,0.691765566666921,0.6757889211177825,0.7035508155822754,3,0.3,2,10,10
IAEA_plus_45,45,3,core_term,zh,中子,58,24087,13,45,0.6207481026649475,0.6181682546933492,0.6144217610359192,0.6207481026649475,0,0.0,0,10,10
IAEA_plus_45,45,3,core_term,en,neutron,58,24087,13,45,0.6627007722854614,0.6614515781402588,0.6555698156356812,0.6627007722854614,5,0.5,1,10,10
IAEA_plus_45,45,3,phrase,zh,中子测量电流,58,24087,13,45,0.6654865145683289,0.6648359696070353,0.6625637829303741,0.6654865145683289,0,0.0,0,10,10
IAEA_plus_45,45,3,phrase,en,neutron measurement current,58,24087,13,45,0.7035508155822754,0.691765566666921,0.6757889211177825,0.7035508155822754,3,0.3,2,10,10
IAEA_plus_45,45,4,core_term,zh,中子,58,25621,13,45,0.6207481026649475,0.6181416908899943,0.613085412979126,0.6207481026649475,0,0.0,0,10,10
IAEA_plus_45,45,4,core_term,en,neutron,58,25621,13,45,0.6627007722854614,0.6614515781402588,0.6578332543373108,0.6627007722854614,3,0.3,1,10,10
IAEA_plus_45,45,4,phrase,zh,中子测量电流,58,25621,13,45,0.6654865145683289,0.6636243065198263,0.661421000957489,0.6654865145683289,0,0.0,0,10,10
IAEA_plus_45,45,4,phrase,en,neutron measurement current,58,25621,13,45,0.7035508155822754,0.691765566666921,0.6757889211177825,0.7035508155822754,3,0.3,2,10,10
IAEA_plus_45,45,5,core_term,zh,中子,58,25266,13,45,0.6207481026649475,0.6181682546933492,0.614764004945755,0.6207481026649475,0,0.0,0,10,10
IAEA_plus_45,45,5,core_term,en,neutron,58,25266,13,45,0.6627007722854614,0.6614515781402588,0.6578332543373108,0.6627007722854614,3,0.3,1,10,10
IAEA_plus_45,45,5,phrase,zh,中子测量电流,58,25266,13,45,0.6654865145683289,0.6648359696070353,0.6629931628704071,0.6654865145683289,0,0.0,0,10,10
IAEA_plus_45,45,5,phrase,en,neutron measurement current,58,25266,13,45,0.7035508155822754,0.691765566666921,0.6757889211177825,0.7035508155822754,3,0.3,2,10,10
IAEA_plus_45,45,6,core_term,zh,中子,58,24368,13,45,0.6160902380943298,0.6141723791758219,0.6104661166667938,0.6160902380943298,0,0.0,0,10,10
IAEA_plus_45,45,6,core_term,en,neutron,58,24368,13,45,0.6627007722854614,0.6614515781402588,0.6557827115058898,0.6627007722854614,5,0.5,1,10,10
IAEA_plus_45,45,6,phrase,zh,中子测量电流,58,24368,13,45,0.6654865145683289,0.6648359696070353,0.6613559126853943,0.6654865145683289,0,0.0,0,10,10
IAEA_plus_45,45,6,phrase,en,neutron measurement current,58,24368,13,45,0.7035508155822754,0.691765566666921,0.6757889211177825,0.7035508155822754,3,0.3,2,10,10
IAEA_plus_45,45,7,core_term,zh,中子,58,27960,13,45,0.6160902380943298,0.6142414808273315,0.611646032333374,0.6160902380943298,0,0.0,0,10,10
IAEA_plus_45,45,7,core_term,en,neutron,58,27960,13,45,0.6627007722854614,0.6614515781402588,0.6578332543373108,0.6627007722854614,3,0.3,1,10,10
IAEA_plus_45,45,7,phrase,zh,中子测量电流,58,27960,13,45,0.6654865145683289,0.6648359696070353,0.6624203860759735,0.6654865145683289,0,0.0,0,10,10
IAEA_plus_45,45,7,phrase,en,neutron measurement current,58,27960,13,45,0.7035508155822754,0.691765566666921,0.6757889211177825,0.7035508155822754,3,0.3,2,10,10
IAEA_plus_45,45,8,core_term,zh,中子,58,25244,13,45,0.6207481026649475,0.6181682546933492,0.614764004945755,0.6207481026649475,0,0.0,0,10,10
IAEA_plus_45,45,8,core_term,en,neutron,58,25244,13,45,0.6627007722854614,0.6614515781402588,0.6578332543373108,0.6627007722854614,3,0.3,1,10,10
IAEA_plus_45,45,8,phrase,zh,中子测量电流,58,25244,13,45,0.6654865145683289,0.6648359696070353,0.6629931628704071,0.6654865145683289,0,0.0,0,10,10
IAEA_plus_45,45,8,phrase,en,neutron measurement current,58,25244,13,45,0.7035508155822754,0.691765566666921,0.6757889211177825,0.7035508155822754,3,0.3,2,10,10
IAEA_plus_45,45,9,core_term,zh,中子,58,25823,13,45,0.6207481026649475,0.6181682546933492,0.6147639989852905,0.6207481026649475,0,0.0,0,10,10
IAEA_plus_45,45,9,core_term,en,neutron,58,25823,13,45,0.6627007722854614,0.6614515781402588,0.6578332543373108,0.6627007722854614,3,0.3,1,10,10
IAEA_plus_45,45,9,phrase,zh,中子测量电流,58,25823,13,45,0.6654865145683289,0.6648359696070353,0.6629931628704071,0.6654865145683289,0,0.0,0,10,10
IAEA_plus_45,45,9,phrase,en,neutron measurement current,58,25823,13,45,0.7035508155822754,0.691765566666921,0.6757889211177825,0.7035508155822754,3,0.3,2,10,10
IAEA_plus_50,50,0,core_term,zh,中子,63,27377,13,50,0.6207481026649475,0.6181682546933492,0.6144217610359192,0.6207481026649475,0,0.0,0,10,10
IAEA_plus_50,50,0,core_term,en,neutron,63,27377,13,50,0.6627007722854614,0.6614515781402588,0.6557827115058898,0.6627007722854614,5,0.5,1,10,10
IAEA_plus_50,50,0,phrase,zh,中子测量电流,63,27377,13,50,0.6654865145683289,0.6648359696070353,0.6625637829303741,0.6654865145683289,0,0.0,0,10,10
IAEA_plus_50,50,0,phrase,en,neutron measurement current,63,27377,13,50,0.7035508155822754,0.691765566666921,0.6757889211177825,0.7035508155822754,3,0.3,2,10,10
IAEA_plus_50,50,1,core_term,zh,中子,63,28749,13,50,0.6207481026649475,0.6181682546933492,0.614764004945755,0.6207481026649475,0,0.0,0,10,10
IAEA_plus_50,50,1,core_term,en,neutron,63,28749,13,50,0.6627007722854614,0.6610876520474752,0.6559052288532257,0.6627007722854614,5,0.5,1,10,10
IAEA_plus_50,50,1,phrase,zh,中子测量电流,63,28749,13,50,0.6654865145683289,0.6648359696070353,0.6629931628704071,0.6654865145683289,0,0.0,0,10,10
IAEA_plus_50,50,1,phrase,en,neutron measurement current,63,28749,13,50,0.7035508155822754,0.691765566666921,0.6757889211177825,0.7035508155822754,3,0.3,2,10,10
IAEA_plus_50,50,2,core_term,zh,中子,63,28871,13,50,0.6207481026649475,0.6181682546933492,0.614764004945755,0.6207481026649475,0,0.0,0,10,10
IAEA_plus_50,50,2,core_term,en,neutron,63,28871,13,50,0.6627007722854614,0.6614515781402588,0.6578332543373108,0.6627007722854614,3,0.3,1,10,10
IAEA_plus_50,50,2,phrase,zh,中子测量电流,63,28871,13,50,0.6654865145683289,0.6648359696070353,0.6629931628704071,0.6654865145683289,0,0.0,0,10,10
IAEA_plus_50,50,2,phrase,en,neutron measurement current,63,28871,13,50,0.7035508155822754,0.691765566666921,0.6757889211177825,0.7035508155822754,3,0.3,2,10,10
IAEA_plus_50,50,3,core_term,zh,中子,63,28826,13,50,0.6207481026649475,0.6181682546933492,0.614764004945755,0.6207481026649475,0,0.0,0,10,10
IAEA_plus_50,50,3,core_term,en,neutron,63,28826,13,50,0.6627007722854614,0.6614515781402588,0.6578332543373108,0.6627007722854614,3,0.3,1,10,10
IAEA_plus_50,50,3,phrase,zh,中子测量电流,63,28826,13,50,0.6654865145683289,0.6648359696070353,0.6629931628704071,0.6654865145683289,0,0.0,0,10,10
IAEA_plus_50,50,3,phrase,en,neutron measurement current,63,28826,13,50,0.7035508155822754,0.691765566666921,0.6757889211177825,0.7035508155822754,3,0.3,2,10,10
IAEA_plus_50,50,4,core_term,zh,中子,63,28877,13,50,0.6207481026649475,0.6181682546933492,0.614764004945755,0.6207481026649475,0,0.0,0,10,10
IAEA_plus_50,50,4,core_term,en,neutron,63,28877,13,50,0.6627007722854614,0.6614515781402588,0.6578332543373108,0.6627007722854614,3,0.3,1,10,10
IAEA_plus_50,50,4,phrase,zh,中子测量电流,63,28877,13,50,0.6654865145683289,0.6648359696070353,0.6629931628704071,0.6654865145683289,0,0.0,0,10,10
IAEA_plus_50,50,4,phrase,en,neutron measurement current,63,28877,13,50,0.7035508155822754,0.691765566666921,0.6757889211177825,0.7035508155822754,3,0.3,2,10,10
IAEA_plus_50,50,5,core_term,zh,中子,63,28882,13,50,0.6207481026649475,0.6181682546933492,0.614764004945755,0.6207481026649475,0,0.0,0,10,10
IAEA_plus_50,50,5,core_term,en,neutron,63,28882,13,50,0.6627007722854614,0.6614515781402588,0.6578332543373108,0.6627007722854614,3,0.3,1,10,10
IAEA_plus_50,50,5,phrase,zh,中子测量电流,63,28882,13,50,0.6654865145683289,0.6648359696070353,0.6629931628704071,0.6654865145683289,0,0.0,0,10,10
IAEA_plus_50,50,5,phrase,en,neutron measurement current,63,28882,13,50,0.7035508155822754,0.691765566666921,0.6757889211177825,0.7035508155822754,3,0.3,2,10,10
IAEA_plus_50,50,6,core_term,zh,中子,63,28699,13,50,0.6207481026649475,0.6181682546933492,0.6147639989852905,0.6207481026649475,0,0.0,0,10,10
IAEA_plus_50,50,6,core_term,en,neutron,63,28699,13,50,0.6627007722854614,0.6614515781402588,0.6578332543373108,0.6627007722854614,3,0.3,1,10,10
IAEA_plus_50,50,6,phrase,zh,中子测量电流,63,28699,13,50,0.6654865145683289,0.6648359696070353,0.6629931628704071,0.6654865145683289,0,0.0,0,10,10
IAEA_plus_50,50,6,phrase,en,neutron measurement current,63,28699,13,50,0.7035508155822754,0.691765566666921,0.6757889211177825,0.7035508155822754,3,0.3,2,10,10
IAEA_plus_50,50,7,core_term,zh,中子,63,28646,13,50,0.6207481026649475,0.6181682546933492,0.614764004945755,0.6207481026649475,0,0.0,0,10,10
IAEA_plus_50,50,7,core_term,en,neutron,63,28646,13,50,0.6627007722854614,0.6614515781402588,0.6578332543373108,0.6627007722854614,3,0.3,1,10,10
IAEA_plus_50,50,7,phrase,zh,中子测量电流,63,28646,13,50,0.6654865145683289,0.6648359696070353,0.6629931628704071,0.6654865145683289,0,0.0,0,10,10
IAEA_plus_50,50,7,phrase,en,neutron measurement current,63,28646,13,50,0.7035508155822754,0.691765566666921,0.6757889211177825,0.7035508155822754,3,0.3,2,10,10
IAEA_plus_50,50,8,core_term,zh,中子,63,28826,13,50,0.6207481026649475,0.6181682546933492,0.614764004945755,0.6207481026649475,0,0.0,0,10,10
IAEA_plus_50,50,8,core_term,en,neutron,63,28826,13,50,0.6627007722854614,0.6614515781402588,0.6578332543373108,0.6627007722854614,3,0.3,1,10,10
IAEA_plus_50,50,8,phrase,zh,中子测量电流,63,28826,13,50,0.6654865145683289,0.6648359696070353,0.6629931628704071,0.6654865145683289,0,0.0,0,10,10
IAEA_plus_50,50,8,phrase,en,neutron measurement current,63,28826,13,50,0.7035508155822754,0.691765566666921,0.6757889211177825,0.7035508155822754,3,0.3,2,10,10
IAEA_plus_50,50,9,core_term,zh,中子,63,28860,13,50,0.6207481026649475,0.6181682546933492,0.614764004945755,0.6207481026649475,0,0.0,0,10,10
IAEA_plus_50,50,9,core_term,en,neutron,63,28860,13,50,0.6627007722854614,0.6614515781402588,0.6578332543373108,0.6627007722854614,3,0.3,1,10,10
IAEA_plus_50,50,9,phrase,zh,中子测量电流,63,28860,13,50,0.6654865145683289,0.6648359696070353,0.6629931628704071,0.6654865145683289,0,0.0,0,10,10
IAEA_plus_50,50,9,phrase,en,neutron measurement current,63,28860,13,50,0.7035508155822754,0.691765566666921,0.6757889211177825,0.7035508155822754,3,0.3,2,10,10
IAEA_plus_51,51,0,core_term,zh,中子,64,28924,13,51,0.6207481026649475,0.6181682546933492,0.614764004945755,0.6207481026649475,0,0.0,0,10,10
IAEA_plus_51,51,0,core_term,en,neutron,64,28924,13,51,0.6627007722854614,0.6614515781402588,0.6578332543373108,0.6627007722854614,3,0.3,1,10,10
IAEA_plus_51,51,0,phrase,zh,中子测量电流,64,28924,13,51,0.6654865145683289,0.6648359696070353,0.6629931628704071,0.6654865145683289,0,0.0,0,10,10
IAEA_plus_51,51,0,phrase,en,neutron measurement current,64,28924,13,51,0.7035508155822754,0.691765566666921,0.6757889211177825,0.7035508155822754,3,0.3,2,10,10
IAEA_plus_51,51,1,core_term,zh,中子,64,28924,13,51,0.6207481026649475,0.6181682546933492,0.614764004945755,0.6207481026649475,0,0.0,0,10,10
IAEA_plus_51,51,1,core_term,en,neutron,64,28924,13,51,0.6627007722854614,0.6614515781402588,0.6578332543373108,0.6627007722854614,3,0.3,1,10,10
IAEA_plus_51,51,1,phrase,zh,中子测量电流,64,28924,13,51,0.6654865145683289,0.6648359696070353,0.6629931628704071,0.6654865145683289,0,0.0,0,10,10
IAEA_plus_51,51,1,phrase,en,neutron measurement current,64,28924,13,51,0.7035508155822754,0.691765566666921,0.6757889211177825,0.7035508155822754,3,0.3,2,10,10
IAEA_plus_51,51,2,core_term,zh,中子,64,28924,13,51,0.6207481026649475,0.6181682546933492,0.614764004945755,0.6207481026649475,0,0.0,0,10,10
IAEA_plus_51,51,2,core_term,en,neutron,64,28924,13,51,0.6627007722854614,0.6614515781402588,0.6578332543373108,0.6627007722854614,3,0.3,1,10,10
IAEA_plus_51,51,2,phrase,zh,中子测量电流,64,28924,13,51,0.6654865145683289,0.6648359696070353,0.6629931628704071,0.6654865145683289,0,0.0,0,10,10
IAEA_plus_51,51,2,phrase,en,neutron measurement current,64,28924,13,51,0.7035508155822754,0.691765566666921,0.6757889211177825,0.7035508155822754,3,0.3,2,10,10
IAEA_plus_51,51,3,core_term,zh,中子,64,28924,13,51,0.6207481026649475,0.6181682546933492,0.614764004945755,0.6207481026649475,0,0.0,0,10,10
IAEA_plus_51,51,3,core_term,en,neutron,64,28924,13,51,0.6627007722854614,0.6614515781402588,0.6578332543373108,0.6627007722854614,3,0.3,1,10,10
IAEA_plus_51,51,3,phrase,zh,中子测量电流,64,28924,13,51,0.6654865145683289,0.6648359696070353,0.6629931628704071,0.6654865145683289,0,0.0,0,10,10
IAEA_plus_51,51,3,phrase,en,neutron measurement current,64,28924,13,51,0.7035508155822754,0.691765566666921,0.6757889211177825,0.7035508155822754,3,0.3,2,10,10
IAEA_plus_51,51,4,core_term,zh,中子,64,28924,13,51,0.6207481026649475,0.6181682546933492,0.614764004945755,0.6207481026649475,0,0.0,0,10,10
IAEA_plus_51,51,4,core_term,en,neutron,64,28924,13,51,0.6627007722854614,0.6614515781402588,0.6578332543373108,0.6627007722854614,3,0.3,1,10,10
IAEA_plus_51,51,4,phrase,zh,中子测量电流,64,28924,13,51,0.6654865145683289,0.6648359696070353,0.6629931628704071,0.6654865145683289,0,0.0,0,10,10
IAEA_plus_51,51,4,phrase,en,neutron measurement current,64,28924,13,51,0.7035508155822754,0.691765566666921,0.6757889211177825,0.7035508155822754,3,0.3,2,10,10
IAEA_plus_51,51,5,core_term,zh,中子,64,28924,13,51,0.6207481026649475,0.6181682546933492,0.614764004945755,0.6207481026649475,0,0.0,0,10,10
IAEA_plus_51,51,5,core_term,en,neutron,64,28924,13,51,0.6627007722854614,0.6614515781402588,0.6578332543373108,0.6627007722854614,3,0.3,1,10,10
IAEA_plus_51,51,5,phrase,zh,中子测量电流,64,28924,13,51,0.6654865145683289,0.6648359696070353,0.6629931628704071,0.6654865145683289,0,0.0,0,10,10
IAEA_plus_51,51,5,phrase,en,neutron measurement current,64,28924,13,51,0.7035508155822754,0.691765566666921,0.6757889211177825,0.7035508155822754,3,0.3,2,10,10
IAEA_plus_51,51,6,core_term,zh,中子,64,28924,13,51,0.6207481026649475,0.6181682546933492,0.614764004945755,0.6207481026649475,0,0.0,0,10,10
IAEA_plus_51,51,6,core_term,en,neutron,64,28924,13,51,0.6627007722854614,0.6614515781402588,0.6578332543373108,0.6627007722854614,3,0.3,1,10,10
IAEA_plus_51,51,6,phrase,zh,中子测量电流,64,28924,13,51,0.6654865145683289,0.6648359696070353,0.6629931628704071,0.6654865145683289,0,0.0,0,10,10
IAEA_plus_51,51,6,phrase,en,neutron measurement current,64,28924,13,51,0.7035508155822754,0.691765566666921,0.6757889211177825,0.7035508155822754,3,0.3,2,10,10
IAEA_plus_51,51,7,core_term,zh,中子,64,28924,13,51,0.6207481026649475,0.6181682546933492,0.614764004945755,0.6207481026649475,0,0.0,0,10,10
IAEA_plus_51,51,7,core_term,en,neutron,64,28924,13,51,0.6627007722854614,0.6614515781402588,0.6578332543373108,0.6627007722854614,3,0.3,1,10,10
IAEA_plus_51,51,7,phrase,zh,中子测量电流,64,28924,13,51,0.6654865145683289,0.6648359696070353,0.6629931628704071,0.6654865145683289,0,0.0,0,10,10
IAEA_plus_51,51,7,phrase,en,neutron measurement current,64,28924,13,51,0.7035508155822754,0.691765566666921,0.6757889211177825,0.7035508155822754,3,0.3,2,10,10
IAEA_plus_51,51,8,core_term,zh,中子,64,28924,13,51,0.6207481026649475,0.6181682546933492,0.614764004945755,0.6207481026649475,0,0.0,0,10,10
IAEA_plus_51,51,8,core_term,en,neutron,64,28924,13,51,0.6627007722854614,0.6614515781402588,0.6578332543373108,0.6627007722854614,3,0.3,1,10,10
IAEA_plus_51,51,8,phrase,zh,中子测量电流,64,28924,13,51,0.6654865145683289,0.6648359696070353,0.6629931628704071,0.6654865145683289,0,0.0,0,10,10
IAEA_plus_51,51,8,phrase,en,neutron measurement current,64,28924,13,51,0.7035508155822754,0.691765566666921,0.6757889211177825,0.7035508155822754,3,0.3,2,10,10
IAEA_plus_51,51,9,core_term,zh,中子,64,28924,13,51,0.6207481026649475,0.6181682546933492,0.614764004945755,0.6207481026649475,0,0.0,0,10,10
IAEA_plus_51,51,9,core_term,en,neutron,64,28924,13,51,0.6627007722854614,0.6614515781402588,0.6578332543373108,0.6627007722854614,3,0.3,1,10,10
IAEA_plus_51,51,9,phrase,zh,中子测量电流,64,28924,13,51,0.6654865145683289,0.6648359696070353,0.6629931628704071,0.6654865145683289,0,0.0,0,10,10
IAEA_plus_51,51,9,phrase,en,neutron measurement current,64,28924,13,51,0.7035508155822754,0.691765566666921,0.6757889211177825,0.7035508155822754,3,0.3,2,10,10
