semantic_version,source_function_code,semantic_unit_id,semantic_unit_name,definition,compatible_action_ids,scoring_role,review_status
v1,F01_observed_data_qualification,SU01_observed_anomaly_qualification,观测异常与数据合格性,关于尖峰、缺失、零值、卡滞、离群或不合理观测的识别、筛查与合格性判断。,context_dependent,contextual_or_direct_support,semantic_unit_v1_provisional
v1,F02_reference_and_temporal_pattern,SU02_reference_and_temporal_pattern,参考基线与时间模式,关于参考窗口、历史基线、时间变化模式及其可比条件的证据。,context_dependent,contextual_support,semantic_unit_v1_provisional
v1,F03_acquisition_recording_integrity,SU03_recording_timestamp_integrity,记录、采样与时间戳完整性,关于历史库、导出、采样、同步、压缩、时间戳或记录完整性的证据。,record_processing_and_timestamp_check,direct_check_support,semantic_unit_v1_provisional
v1,F04_signal_path_and_conditioning,SU04_signal_path_and_conditioning,信号传输链路与调理,关于传感器输出、接口、线缆、隔离、转换、滤波、增益、复用或采集输入链路的证据。,signal_transmission_path_check,direct_check_support,semantic_unit_v1_provisional
v1,F05_cross_channel_consistency,SU05_cross_channel_comparison,可比通道与冗余测量比较,关于冗余、同链、可比传感器或相关过程量之间同期比较与一致性的证据。,cross_channel_similar_anomaly_comparison,direct_check_support,semantic_unit_v1_provisional
v1,F06_test_and_calibration_alignment,SU06_operation_test_calibration_alignment,现场操作、测试与校准时间对齐,关于操作、通道检查、功能试验、维护或校准活动及其与事件时间对齐的证据。,on_site_operation_or_calibration_check,direct_check_support,semantic_unit_v1_provisional
v1,F07_neutron_measurement_context,SU07_neutron_measurement_architecture,中子测量原理与仪表构型,关于中子电流测量、探测器、通道构型、量程和仪表解释边界的证据。,context_dependent,contextual_support,semantic_unit_v1_provisional
v1,F08_detector_response_and_calibration,SU08_detector_response_and_calibration,探测器响应与标定特性,关于探测器响应时间、灵敏度、漂移、标定曲线与动态行为的证据。,context_dependent,contextual_support,semantic_unit_v1_provisional
v1,F09_gamma_and_mixed_field_context,SU09_gamma_and_mixed_field_context,伽马与混合辐射场影响,关于伽马贡献、混合场、干扰与补偿边界的证据。,context_dependent,contextual_support,semantic_unit_v1_provisional
v1,F10_generic_signal_quality,SU10_signal_quality_and_monitoring_limit,通用信号质量与监测边界,关于噪声、漂移、信号可信度、模型适用性与一般监测限制的证据。,context_dependent,contextual_support,semantic_unit_v1_provisional
