gold_action_id,retrieval_top_k,case_count,cumulative_hit_case_count,cumulative_hit_rate
on_site_operation_or_calibration_check,3,20,20,1.0
on_site_operation_or_calibration_check,5,20,20,1.0
on_site_operation_or_calibration_check,8,20,20,1.0
on_site_operation_or_calibration_check,10,20,20,1.0
on_site_operation_or_calibration_check,12,20,20,1.0
on_site_operation_or_calibration_check,15,20,20,1.0
on_site_operation_or_calibration_check,20,20,20,1.0
cross_channel_similar_anomaly_comparison,3,20,0,0.0
cross_channel_similar_anomaly_comparison,5,20,0,0.0
cross_channel_similar_anomaly_comparison,8,20,2,0.1
cross_channel_similar_anomaly_comparison,10,20,17,0.85
cross_channel_similar_anomaly_comparison,12,20,17,0.85
cross_channel_similar_anomaly_comparison,15,20,17,0.85
cross_channel_similar_anomaly_comparison,20,20,20,1.0
record_processing_and_timestamp_check,3,20,0,0.0
record_processing_and_timestamp_check,5,20,2,0.1
record_processing_and_timestamp_check,8,20,9,0.45
record_processing_and_timestamp_check,10,20,14,0.7
record_processing_and_timestamp_check,12,20,17,0.85
record_processing_and_timestamp_check,15,20,17,0.85
record_processing_and_timestamp_check,20,20,17,0.85
signal_transmission_path_check,3,20,0,0.0
signal_transmission_path_check,5,20,0,0.0
signal_transmission_path_check,8,20,18,0.9
signal_transmission_path_check,10,20,20,1.0
signal_transmission_path_check,12,20,20,1.0
signal_transmission_path_check,15,20,20,1.0
signal_transmission_path_check,20,20,20,1.0
