goldcard_id,gold_action_id,first_acceptable_evidence_rank
GC-B80-001,on_site_operation_or_calibration_check,2
GC-B80-002,on_site_operation_or_calibration_check,1
GC-B80-003,on_site_operation_or_calibration_check,2
GC-B80-004,on_site_operation_or_calibration_check,1
GC-B80-005,on_site_operation_or_calibration_check,2
GC-B80-006,on_site_operation_or_calibration_check,1
GC-B80-007,on_site_operation_or_calibration_check,1
GC-B80-008,on_site_operation_or_calibration_check,1
GC-B80-009,on_site_operation_or_calibration_check,1
GC-B80-010,on_site_operation_or_calibration_check,1
GC-B80-011,on_site_operation_or_calibration_check,1
GC-B80-012,on_site_operation_or_calibration_check,1
GC-B80-013,on_site_operation_or_calibration_check,1
GC-B80-014,on_site_operation_or_calibration_check,1
GC-B80-015,on_site_operation_or_calibration_check,1
GC-B80-016,on_site_operation_or_calibration_check,1
GC-B80-017,on_site_operation_or_calibration_check,1
GC-B80-018,on_site_operation_or_calibration_check,1
GC-B80-019,on_site_operation_or_calibration_check,1
GC-B80-020,on_site_operation_or_calibration_check,1
GC-B80-021,cross_channel_similar_anomaly_comparison,20
GC-B80-022,cross_channel_similar_anomaly_comparison,9
GC-B80-023,cross_channel_similar_anomaly_comparison,20
GC-B80-024,cross_channel_similar_anomaly_comparison,9
GC-B80-025,cross_channel_similar_anomaly_comparison,20
GC-B80-026,cross_channel_similar_anomaly_comparison,9
GC-B80-027,cross_channel_similar_anomaly_comparison,9
GC-B80-028,cross_channel_similar_anomaly_comparison,9
GC-B80-029,cross_channel_similar_anomaly_comparison,9
GC-B80-030,cross_channel_similar_anomaly_comparison,9
GC-B80-031,cross_channel_similar_anomaly_comparison,10
GC-B80-032,cross_channel_similar_anomaly_comparison,7
GC-B80-033,cross_channel_similar_anomaly_comparison,10
GC-B80-034,cross_channel_similar_anomaly_comparison,7
GC-B80-035,cross_channel_similar_anomaly_comparison,10
GC-B80-036,cross_channel_similar_anomaly_comparison,9
GC-B80-037,cross_channel_similar_anomaly_comparison,9
GC-B80-038,cross_channel_similar_anomaly_comparison,9
GC-B80-039,cross_channel_similar_anomaly_comparison,9
GC-B80-040,cross_channel_similar_anomaly_comparison,9
GC-B80-041,record_processing_and_timestamp_check,55
GC-B80-042,record_processing_and_timestamp_check,4
GC-B80-043,record_processing_and_timestamp_check,55
GC-B80-044,record_processing_and_timestamp_check,4
GC-B80-045,record_processing_and_timestamp_check,55
GC-B80-046,record_processing_and_timestamp_check,9
GC-B80-047,record_processing_and_timestamp_check,9
GC-B80-048,record_processing_and_timestamp_check,9
GC-B80-049,record_processing_and_timestamp_check,9
GC-B80-050,record_processing_and_timestamp_check,9
GC-B80-051,record_processing_and_timestamp_check,12
GC-B80-052,record_processing_and_timestamp_check,6
GC-B80-053,record_processing_and_timestamp_check,12
GC-B80-054,record_processing_and_timestamp_check,6
GC-B80-055,record_processing_and_timestamp_check,12
GC-B80-056,record_processing_and_timestamp_check,7
GC-B80-057,record_processing_and_timestamp_check,7
GC-B80-058,record_processing_and_timestamp_check,7
GC-B80-059,record_processing_and_timestamp_check,7
GC-B80-060,record_processing_and_timestamp_check,7
GC-B80-061,signal_transmission_path_check,7
GC-B80-062,signal_transmission_path_check,9
GC-B80-063,signal_transmission_path_check,7
GC-B80-064,signal_transmission_path_check,9
GC-B80-065,signal_transmission_path_check,7
GC-B80-066,signal_transmission_path_check,8
GC-B80-067,signal_transmission_path_check,8
GC-B80-068,signal_transmission_path_check,8
GC-B80-069,signal_transmission_path_check,8
GC-B80-070,signal_transmission_path_check,8
GC-B80-071,signal_transmission_path_check,8
GC-B80-072,signal_transmission_path_check,8
GC-B80-073,signal_transmission_path_check,8
GC-B80-074,signal_transmission_path_check,8
GC-B80-075,signal_transmission_path_check,8
GC-B80-076,signal_transmission_path_check,8
GC-B80-077,signal_transmission_path_check,8
GC-B80-078,signal_transmission_path_check,8
GC-B80-079,signal_transmission_path_check,8
GC-B80-080,signal_transmission_path_check,8
