retrieval_top_k,action_id,tp,fp,fn,precision,recall,f1
3,on_site_operation_or_calibration_check,20,20,0,0.5,1.0,0.6666666666666666
3,cross_channel_similar_anomaly_comparison,0,36,20,0.0,0.0,0.0
3,record_processing_and_timestamp_check,0,4,20,0.0,0.0,0.0
3,signal_transmission_path_check,0,0,20,0.0,0.0,0.0
5,on_site_operation_or_calibration_check,20,17,0,0.5405405405405406,1.0,0.7017543859649124
5,cross_channel_similar_anomaly_comparison,0,40,20,0.0,0.0,0.0
5,record_processing_and_timestamp_check,0,3,20,0.0,0.0,0.0
5,signal_transmission_path_check,0,0,20,0.0,0.0,0.0
8,on_site_operation_or_calibration_check,20,15,0,0.5714285714285714,1.0,0.7272727272727273
8,cross_channel_similar_anomaly_comparison,0,38,20,0.0,0.0,0.0
8,record_processing_and_timestamp_check,2,5,18,0.2857142857142857,0.1,0.14814814814814817
8,signal_transmission_path_check,0,0,20,0.0,0.0,0.0
10,on_site_operation_or_calibration_check,20,11,0,0.6451612903225806,1.0,0.7843137254901961
10,cross_channel_similar_anomaly_comparison,0,40,20,0.0,0.0,0.0
10,record_processing_and_timestamp_check,0,9,20,0.0,0.0,0.0
10,signal_transmission_path_check,0,0,20,0.0,0.0,0.0
12,on_site_operation_or_calibration_check,20,3,0,0.8695652173913043,1.0,0.9302325581395349
12,cross_channel_similar_anomaly_comparison,9,40,11,0.1836734693877551,0.45,0.2608695652173913
12,record_processing_and_timestamp_check,0,8,20,0.0,0.0,0.0
12,signal_transmission_path_check,0,0,20,0.0,0.0,0.0
15,on_site_operation_or_calibration_check,20,0,0,1.0,1.0,1.0
15,cross_channel_similar_anomaly_comparison,17,40,3,0.2982456140350877,0.85,0.44155844155844154
15,record_processing_and_timestamp_check,0,3,20,0.0,0.0,0.0
15,signal_transmission_path_check,0,0,20,0.0,0.0,0.0
20,on_site_operation_or_calibration_check,15,3,5,0.8333333333333334,0.75,0.7894736842105262
20,cross_channel_similar_anomaly_comparison,17,40,3,0.2982456140350877,0.85,0.44155844155844154
20,record_processing_and_timestamp_check,0,5,20,0.0,0.0,0.0
20,signal_transmission_path_check,0,0,20,0.0,0.0,0.0
